episode,hero_reward,villain_reward,steps,winner,hero_avg_prob,villain_avg_prob
1,-4.999999999999998,-4.999999999999998,50,None,0.38911063723266126,0.4531940610706806
2,-4.999999999999998,-4.999999999999998,50,None,0.4141145145893097,0.46950889825820924
3,-4.999999999999998,-4.999999999999998,50,None,0.268192400932312,0.33233754605054855
4,-4.999999999999998,-4.999999999999998,50,None,0.6989420061558484,0.35372176840901376
5,-4.999999999999998,-4.999999999999998,50,None,0.5622536841779947,0.30321981191635133
6,-9.999999999999998,1.7763568394002505e-15,50,Villain,0.5405424305796623,0.37220897391438484
7,-4.999999999999998,-4.999999999999998,50,None,0.4191611838340759,0.28845464676618576
8,-5.8999999999999995,4.1000000000000005,9,Villain,0.26046939690907794,0.3743884836634
9,-4.999999999999998,-4.999999999999998,50,None,0.30156372502446177,0.41125994220376016
10,-4.999999999999998,-4.999999999999998,50,None,0.31922753155231476,0.3163427393138409
11,-4.999999999999998,-4.999999999999998,50,None,0.3430939756333828,0.30080929934978484
12,-5.8999999999999995,4.1000000000000005,9,Villain,0.4267569879690806,0.2735423694054286
13,-4.999999999999998,-4.999999999999998,50,None,0.4624169497191906,0.2915373159945011
14,-4.999999999999998,-4.999999999999998,50,None,0.3979775861650705,0.30175402760505676
15,-8.3,1.6999999999999988,33,Villain,0.3625321017973351,0.28473832367947605
16,-5.8999999999999995,4.1000000000000005,9,Villain,0.8447718090481229,0.32460275871886146
17,-6.9,3.0999999999999996,19,Villain,0.5576595040528398,0.3322781975332059
18,-5.8,4.2,8,Villain,0.8944484516978264,0.45502628572285175
19,-4.999999999999998,-4.999999999999998,50,None,0.29773927614092827,0.2869595043361187
20,-6.6,3.4000000000000004,16,Villain,0.41618718951940536,0.4435052750632167
21,-5.6,4.4,6,Villain,0.5494991888602575,0.521190861860911
22,-7.9,2.099999999999999,29,Villain,0.41141254968684293,0.49358102679252625
23,-8.600000000000001,1.3999999999999986,36,Villain,0.3125062978102101,0.40004450600180363
24,-6.6,3.4000000000000004,16,Villain,0.34987942001316696,0.4569585341960192
25,-5.1,4.9,1,Villain,0.3238247036933899,0.581352174282074
26,-4.999999999999998,-4.999999999999998,50,None,0.44054255649447444,0.5714116694033146
27,-4.999999999999998,-4.999999999999998,50,None,0.45365590177476406,0.6912279307097197
28,-4.999999999999998,-4.999999999999998,50,None,0.5056774298846721,0.6914638903923332
29,-4.999999999999998,-4.999999999999998,50,None,0.44339550487697127,0.4311501798406243
30,-4.999999999999998,-4.999999999999998,50,None,0.5199366298317909,0.6917562997341156
31,-4.999999999999998,-4.999999999999998,50,None,0.5309592845663428,0.8086112413555384
32,-4.999999999999998,-4.999999999999998,50,None,0.5204991924855858,0.7231706565618515
33,-4.999999999999998,-4.999999999999998,50,None,0.7137495762109757,0.6052120040357113
34,-4.999999999999998,-4.999999999999998,50,None,0.7366550788655877,0.6069658067822457
35,-4.999999999999998,-4.999999999999998,50,None,0.6290092547982931,0.5502849722653628
36,-4.999999999999998,-4.999999999999998,50,None,0.6187695166468621,0.6990387337654829
37,-4.999999999999998,-4.999999999999998,50,None,0.6571989411301911,0.7910195134580136
38,-4.999999999999998,-4.999999999999998,50,None,0.7699993900209665,0.5629343222081661
39,-4.999999999999998,-4.999999999999998,50,None,0.702595544345677,0.5922330625355243
40,-4.999999999999998,-4.999999999999998,50,None,0.7918721846397966,0.7589215898513794
41,-4.999999999999998,-4.999999999999998,50,None,0.7847241565398871,0.6224347694218159
42,-4.999999999999998,-4.999999999999998,50,None,0.794269867092371,0.8816232588887215
43,-4.999999999999998,-4.999999999999998,50,None,0.8003332959255204,0.7465372861549259
44,-4.999999999999998,-4.999999999999998,50,None,0.6620106848701834,0.8941774521023035
45,-4.999999999999998,-4.999999999999998,50,None,0.9057253304868936,0.58007822483778
46,-4.999999999999998,-4.999999999999998,50,None,0.8351812562346459,0.7435601954907178
47,-4.999999999999998,-4.999999999999998,50,None,0.6360256079398096,0.8870302563160658
48,-4.999999999999998,-4.999999999999998,50,None,0.7409540166519583,0.8167261915281415
49,-4.999999999999998,-4.999999999999998,50,None,0.6889606801606715,0.6959020461142064
50,-4.999999999999998,-4.999999999999998,50,None,0.7870275023207068,0.7551412056386471
51,-4.999999999999998,-4.999999999999998,50,None,0.9250269168615342,0.6232924667745828
52,-4.999999999999998,-4.999999999999998,50,None,0.9393827751278877,0.7052164298295974
53,-4.999999999999998,-4.999999999999998,50,None,0.9386337777227163,0.8211512341350317
54,-4.999999999999998,-4.999999999999998,50,None,0.8465255974978209,0.9113834444805979
55,-4.999999999999998,-4.999999999999998,50,None,0.9004386683925987,0.6166731115430594
56,-4.999999999999998,-4.999999999999998,50,None,0.9309359868615865,0.6722993371728808
57,4.9,-5.1,1,Hero,0.8859500885009766,0.994021475315094
58,-4.999999999999998,-4.999999999999998,50,None,0.9796803092956543,0.8683315508428495
59,-4.999999999999998,-4.999999999999998,50,None,0.9746768748713657,0.5400869405269623
60,-4.999999999999998,-4.999999999999998,50,None,0.9968956422805786,0.5269376876577735
61,4.1000000000000005,-5.8999999999999995,9,Hero,0.998044490814209,0.9541322986284891
62,-4.999999999999998,-4.999999999999998,50,None,0.9981020724773407,0.5539406003803015
63,-4.999999999999998,-4.999999999999998,50,None,0.9994141602516174,0.8703431101888418
64,4.4,-5.6,6,Hero,0.998386412858963,0.4970100944240888
65,-4.999999999999998,-4.999999999999998,50,None,0.9993053984642029,0.8510285590169951
66,-4.999999999999998,-4.999999999999998,50,None,0.9995972168445587,0.829071196145378
67,-4.999999999999998,-4.999999999999998,50,None,0.9998107635974884,0.9409524000436068
68,4.4,-5.6,6,Hero,0.9997461835543314,0.9798073470592499
69,-4.999999999999998,-4.999999999999998,50,None,0.9994950592517853,0.9239483542740345
70,-4.999999999999998,-4.999999999999998,50,None,0.9990624940395355,0.6125146139785648
71,-4.999999999999998,-4.999999999999998,50,None,0.9982277035713196,0.4297707685828209
72,-4.999999999999998,-4.999999999999998,50,None,0.9995089197158813,0.8147419971227646
73,-4.999999999999998,-4.999999999999998,50,None,0.9994076073169709,0.6648804055666551
74,-4.999999999999998,-4.999999999999998,50,None,0.9999822616577149,0.9910936999320984
75,-4.999999999999998,-4.999999999999998,50,None,0.9988304173946381,0.5641331216692924
76,-4.999999999999998,-4.999999999999998,50,None,0.9998806500434876,0.9357829338684678
77,-4.999999999999998,-4.999999999999998,50,None,0.9999833655357361,0.9901483559608459
78,-4.999999999999998,-4.999999999999998,50,None,0.9986969339847565,0.5997701570391655
79,-4.999999999999998,-4.999999999999998,50,None,0.9998943972587585,0.9608614483103156
80,-4.999999999999998,-4.999999999999998,50,None,0.9999569308757782,0.9684329436160624
81,-4.999999999999998,-4.999999999999998,50,None,0.9983497476577758,0.8241040488705039
82,4.9,-5.1,1,Hero,0.9998644590377808,0.9826650023460388
83,-4.999999999999998,-4.999999999999998,50,None,0.9985750472545624,0.5063328958302736
84,-4.999999999999998,-4.999999999999998,50,None,0.9992608916759491,0.7155929678864777
85,-4.999999999999998,-4.999999999999998,50,None,0.9985384953022003,0.7791126199066639
86,-4.999999999999998,-4.999999999999998,50,None,0.9547632865607738,0.6152989791706205
87,-4.999999999999998,-4.999999999999998,50,None,0.9989870166778565,0.5722637059539557
88,-4.999999999999998,-4.999999999999998,50,None,0.999364446401596,0.6464868231490254
89,-4.999999999999998,-4.999999999999998,50,None,0.9992841053009033,0.760710656195879
90,4.4,-5.6,6,Hero,0.9987805684407552,0.9456898272037506
91,-4.999999999999998,-4.999999999999998,50,None,0.9993396425247192,0.6496164444554597
92,-4.999999999999998,-4.999999999999998,50,None,0.9973676192760468,0.5608910816907883
93,-4.999999999999998,-4.999999999999998,50,None,0.9996439886093139,0.9262808242812752
94,-4.999999999999998,-4.999999999999998,50,None,0.9997267770767212,0.8601474577188492
95,-4.999999999999998,-4.999999999999998,50,None,0.9998484814167022,0.9473625478870236
96,4.6000000000000005,-5.3999999999999995,4,Hero,0.9999549388885498,0.9894912540912628
97,-4.999999999999998,-4.999999999999998,50,None,0.9981124067306518,0.753993512019515
98,4.9,-5.1,1,Hero,0.9999911785125732,0.994662880897522
99,-4.999999999999998,-4.999999999999998,50,None,0.9998556852340699,0.9023255334794521
100,-4.999999999999998,-4.999999999999998,50,None,0.9999315428733826,0.8752084613312036
101,-4.999999999999998,-4.999999999999998,50,None,0.9996184206008911,0.6594368023052811
102,-4.999999999999998,-4.999999999999998,50,None,0.9995596814155578,0.8103391055762768
103,-5.5,4.5,5,Villain,0.9922847628593445,0.722051128745079
104,-4.999999999999998,-4.999999999999998,50,None,0.999874906539917,0.9742467343807221
105,-4.999999999999998,-4.999999999999998,50,None,0.9998870968818665,0.970988461971283
106,-4.999999999999998,-4.999999999999998,50,None,0.9996984100341797,0.7831421422958375
107,4.2,-5.8,8,Hero,0.9996749833226204,0.8513830620795488
108,-4.999999999999998,-4.999999999999998,50,None,0.9989134657382965,0.45732043161988256
109,-4.999999999999998,-4.999999999999998,50,None,0.9990872192382813,0.47476342141628264
110,-4.999999999999998,-4.999999999999998,50,None,0.9999152648448945,0.9418659821152687
111,-4.999999999999998,-4.999999999999998,50,None,0.9994450497627259,0.5406499571073801
112,4.5,-5.5,5,Hero,0.9999866247177124,0.979364562034607
113,-4.999999999999998,-4.999999999999998,50,None,0.9986945462226867,0.5207538322173059
114,4.5,-5.5,5,Hero,0.9999107599258423,0.9749146342277527
115,-4.999999999999998,-4.999999999999998,50,None,0.9998502898216247,0.8004693412780761
116,-4.999999999999998,-4.999999999999998,50,None,0.9984154736995697,0.513974711894989
117,-4.999999999999998,-4.999999999999998,50,None,0.9997387242317199,0.851839324273169
118,4.9,-5.1,1,Hero,0.9998113512992859,0.9776108860969543
119,-4.999999999999998,-4.999999999999998,50,None,0.9958525955677032,0.4935634812712669
120,-4.999999999999998,-4.999999999999998,50,None,0.9993486130237579,0.5021850165724754
121,-4.999999999999998,-4.999999999999998,50,None,0.9987703251838684,0.5283398640155792
122,-4.999999999999998,-4.999999999999998,50,None,0.9993322288990021,0.47842420239001515
123,-4.999999999999998,-4.999999999999998,50,None,0.9990947687625885,0.7744245529174805
124,-4.999999999999998,-4.999999999999998,50,None,0.9992878091335297,0.6418761217594147
125,-4.999999999999998,-4.999999999999998,50,None,0.9995369029045105,0.5681608202960342
126,-5.1,4.9,1,Villain,0.9997842907905579,0.9410043954849243
127,-4.999999999999998,-4.999999999999998,50,None,0.9994487273693085,0.552194616496563
128,-4.999999999999998,-4.999999999999998,50,None,0.9994156670570373,0.6586356741189957
129,-4.999999999999998,-4.999999999999998,50,None,0.9994040131568909,0.5540673872828483
130,-4.999999999999998,-4.999999999999998,50,None,0.9999178719520568,0.9556256054528057
131,4.5,-5.5,5,Hero,0.9999426364898681,0.9905778884887695
132,-4.999999999999998,-4.999999999999998,50,None,0.9997636413574219,0.7705757236108184
133,-4.999999999999998,-4.999999999999998,50,None,0.999255223274231,0.477097575776279
134,-4.999999999999998,-4.999999999999998,50,None,0.999691412448883,0.8551339670270681
135,-4.999999999999998,-4.999999999999998,50,None,0.9996806144714355,0.6572665117029101
136,-4.999999999999998,-4.999999999999998,50,None,0.9989087796211242,0.6069131524860859
137,4.6000000000000005,-5.3999999999999995,4,Hero,0.9997236281633377,0.9892392754554749
138,-4.999999999999998,-4.999999999999998,50,None,0.9991892862319947,0.5115219489112497
139,-4.999999999999998,-4.999999999999998,50,None,0.99867396235466,0.46863569470122457
140,-4.999999999999998,-4.999999999999998,50,None,0.9999393105506897,0.939446539580822
141,-4.999999999999998,-4.999999999999998,50,None,0.9972580003738404,0.5098016818240285
142,-4.999999999999998,-4.999999999999998,50,None,0.9591010838095099,0.5852136528491974
143,-4.999999999999998,-4.999999999999998,50,None,0.9998088681697845,0.9273457397148013
144,-4.999999999999998,-4.999999999999998,50,None,0.9999245464801788,0.9438811731897294
145,-4.999999999999998,-4.999999999999998,50,None,0.999917802810669,0.9849342048168183
146,-4.999999999999998,-4.999999999999998,50,None,0.9995540869235993,0.5366014461219311
147,-4.999999999999998,-4.999999999999998,50,None,0.999600727558136,0.66191456515342
148,-4.999999999999998,-4.999999999999998,50,None,0.9999347341060638,0.9904367411136628
149,-4.999999999999998,-4.999999999999998,50,None,0.9995180666446686,0.573442616108805
150,-4.999999999999998,-4.999999999999998,50,None,0.9997745215892792,0.8298791581392289
151,4.800000000000001,-5.199999999999999,2,Hero,0.999995768070221,0.997148334980011
152,-4.999999999999998,-4.999999999999998,50,None,0.9883572781085967,0.4573403047397733
153,-4.999999999999998,-4.999999999999998,50,None,0.9999531579017639,0.9891303634643555
154,-4.999999999999998,-4.999999999999998,50,None,0.9999829316139222,0.9739981610607356
155,-4.999999999999998,-4.999999999999998,50,None,0.9994787418842316,0.7713430338352919
156,4.5,-5.5,5,Hero,0.999760365486145,0.9936241507530212
157,-4.999999999999998,-4.999999999999998,50,None,0.999632830619812,0.729897448644042
158,-4.999999999999998,-4.999999999999998,50,None,0.9944699728488922,0.7176371704693884
159,-4.999999999999998,-4.999999999999998,50,None,0.9992609512805939,0.5141485711932182
160,-4.999999999999998,-4.999999999999998,50,None,0.9787005522107939,0.5443943052738905
161,-4.999999999999998,-4.999999999999998,50,None,0.9994287192821503,0.5342318000644446
162,-4.999999999999998,-4.999999999999998,50,None,0.9993986129760742,0.4712238750234246
163,-4.999999999999998,-4.999999999999998,50,None,0.9994384908676147,0.9136579283699393
164,-4.999999999999998,-4.999999999999998,50,None,0.9997199594974517,0.9313205722719431
165,-4.999999999999998,-4.999999999999998,50,None,0.99937922000885,0.5248730808496476
166,-4.999999999999998,-4.999999999999998,50,None,0.9996201241016388,0.8132597906887531
167,4.9,-5.1,1,Hero,0.999996542930603,0.996825098991394
168,-4.999999999999998,-4.999999999999998,50,None,0.999454357624054,0.7318362306151539
169,-4.999999999999998,-4.999999999999998,50,None,0.9988067185878754,0.5559214723110198
170,4.6000000000000005,-5.3999999999999995,4,Hero,0.9997891783714294,0.9953997284173965
171,-4.999999999999998,-4.999999999999998,50,None,0.9994042551517487,0.48938835129141806
172,-4.999999999999998,-4.999999999999998,50,None,0.9989746069908142,0.5811396970972419
173,-4.999999999999998,-4.999999999999998,50,None,0.999839597940445,0.9222973129223101
174,-4.999999999999998,-4.999999999999998,50,None,0.9998413920402527,0.9322191533818841
175,-4.999999999999998,-4.999999999999998,50,None,0.9995171332359314,0.7819819977879524
176,-4.999999999999998,-4.999999999999998,50,None,0.9995242214202881,0.9389611355215312
177,-4.999999999999998,-4.999999999999998,50,None,0.999241281747818,0.5265678418800235
178,-4.999999999999998,-4.999999999999998,50,None,0.9981787431240082,0.639786675274372
179,4.6000000000000005,-5.3999999999999995,4,Hero,0.9994522035121918,0.9879604429006577
180,-4.999999999999998,-4.999999999999998,50,None,0.979500804708805,0.5561424221470952
181,-4.999999999999998,-4.999999999999998,50,None,0.9992227578163146,0.48826625645160676
182,4.9,-5.1,1,Hero,0.9999979734420776,0.9976032376289368
183,-4.999999999999998,-4.999999999999998,50,None,0.999981758594513,0.9897502100467682
184,-4.999999999999998,-4.999999999999998,50,None,0.9994539964199066,0.557361908853054
185,-4.999999999999998,-4.999999999999998,50,None,0.9998839902877807,0.9295268040150404
186,-4.999999999999998,-4.999999999999998,50,None,0.9984704959392547,0.5099174484610558
187,-4.999999999999998,-4.999999999999998,50,None,0.99907510638237,0.5084577753581107
188,-4.999999999999998,-4.999999999999998,50,None,0.9997425365447998,0.6289637694507837
189,-4.999999999999998,-4.999999999999998,50,None,0.9999448490142823,0.9454808492213488
190,-4.999999999999998,-4.999999999999998,50,None,0.9994942843914032,0.7836706018447877
191,4.800000000000001,-5.199999999999999,2,Hero,0.999933123588562,0.9966732561588287
192,-4.999999999999998,-4.999999999999998,50,None,0.9989309799671173,0.5081926599144936
193,4.7,-5.3,3,Hero,0.9998815059661865,0.9923956195513407
194,-4.999999999999998,-4.999999999999998,50,None,0.9998316895961762,0.8693291801214218
195,-4.999999999999998,-4.999999999999998,50,None,0.9999384593963623,0.9282743165548891
196,-4.999999999999998,-4.999999999999998,50,None,0.9994821274280548,0.6836084628105163
197,-4.999999999999998,-4.999999999999998,50,None,0.9959012985229492,0.4890884805843234
198,-4.999999999999998,-4.999999999999998,50,None,0.9981341993808747,0.5400060139596462
199,-5.3,4.7,3,Villain,0.9994478424390157,0.6586310062557459
200,-4.999999999999998,-4.999999999999998,50,None,0.9992457270622254,0.49528811102733017
201,-4.999999999999998,-4.999999999999998,50,None,0.9998083364963531,0.9489947890490293
202,-4.999999999999998,-4.999999999999998,50,None,0.9986181223392486,0.48570145562291145
203,-4.999999999999998,-4.999999999999998,50,None,0.9994641828536988,0.5124355414509774
204,-4.999999999999998,-4.999999999999998,50,None,0.9990354120731354,0.45496369160711764
205,-4.999999999999998,-4.999999999999998,50,None,0.9989154124259949,0.4445538106560707
206,-4.999999999999998,-4.999999999999998,50,None,0.9999173784255981,0.9227444023452699
207,-4.999999999999998,-4.999999999999998,50,None,0.9995279109477997,0.5956604402698576
208,-4.999999999999998,-4.999999999999998,50,None,0.9976499354839325,0.4874604237452149
209,-4.999999999999998,-4.999999999999998,50,None,0.990976392030716,0.45872027449309827
210,-4.999999999999998,-4.999999999999998,50,None,0.9990810573101043,0.4658643236383796
211,-4.999999999999998,-4.999999999999998,50,None,0.999295893907547,0.5269439040124416
212,-4.999999999999998,-4.999999999999998,50,None,0.9992928373813629,0.4902208185568452
213,-4.999999999999998,-4.999999999999998,50,None,0.9996747815608978,0.5819337799027562
214,-4.999999999999998,-4.999999999999998,50,None,0.9988696336746216,0.4444207616895437
215,-4.999999999999998,-4.999999999999998,50,None,0.9988403296470643,0.4231762805208564
216,-4.999999999999998,-4.999999999999998,50,None,0.9999726963043213,0.9476899345219135
217,-4.999999999999998,-4.999999999999998,50,None,0.9968493640422821,0.42429553873836995
218,-4.999999999999998,-4.999999999999998,50,None,0.9986965680122375,0.4942711128294468
219,-4.999999999999998,-4.999999999999998,50,None,0.9997914338111877,0.8325552832335233
220,-4.999999999999998,-4.999999999999998,50,None,0.999648654460907,0.8640790811926127
221,-4.999999999999998,-4.999999999999998,50,None,0.994584367275238,0.46196066044270995
222,4.7,-5.3,3,Hero,0.9999751249949137,0.9806397358576456
223,-4.999999999999998,-4.999999999999998,50,None,0.9995400547981262,0.7132031255681067
224,-4.999999999999998,-4.999999999999998,50,None,0.9989425051212311,0.46714894361793996
225,-4.999999999999998,-4.999999999999998,50,None,0.9991802501678467,0.5454080133140087
226,-4.999999999999998,-4.999999999999998,50,None,0.9997077178955078,0.7724806052446366
227,-4.999999999999998,-4.999999999999998,50,None,0.999231424331665,0.6295872734487057
228,-4.999999999999998,-4.999999999999998,50,None,0.9990929067134857,0.5662295773997903
229,-4.999999999999998,-4.999999999999998,50,None,0.9985783433914185,0.48037532141432165
230,-4.999999999999998,-4.999999999999998,50,None,0.9989734756946563,0.4320422714203596
231,-4.999999999999998,-4.999999999999998,50,None,0.999275267124176,0.7568779068440199
232,-4.999999999999998,-4.999999999999998,50,None,0.9940737235546112,0.5396709142625332
233,-4.999999999999998,-4.999999999999998,50,None,0.9791290411620867,0.4290709662809968
234,-4.999999999999998,-4.999999999999998,50,None,0.9997171330451965,0.8404016786813736
235,-4.999999999999998,-4.999999999999998,50,None,0.9945302367210388,0.4434989879280329
236,4.6000000000000005,-5.3999999999999995,4,Hero,0.9997892528772354,0.5001673502847552
237,-4.999999999999998,-4.999999999999998,50,None,0.9990265262126923,0.4438306214381009
238,4.300000000000001,-5.699999999999999,7,Hero,0.9976587125233242,0.5621077567338943
239,-4.999999999999998,-4.999999999999998,50,None,0.9997279834747315,0.7399568948708475
240,-4.999999999999998,-4.999999999999998,50,None,0.9990308940410614,0.44198987908661364
241,4.7,-5.3,3,Hero,0.9994009733200073,0.6019807060559591
242,-4.999999999999998,-4.999999999999998,50,None,0.9789523666957394,0.521026708856225
243,-4.999999999999998,-4.999999999999998,50,None,0.9989329707622528,0.44989546194672586
244,-4.999999999999998,-4.999999999999998,50,None,0.9996027219295501,0.5381181240081787
245,-4.999999999999998,-4.999999999999998,50,None,0.9940367019176484,0.4241156154870987
246,-4.999999999999998,-4.999999999999998,50,None,0.9990242397785187,0.44071214109659196
247,-4.999999999999998,-4.999999999999998,50,None,0.9792638511257246,0.4492876384779811
248,-4.999999999999998,-4.999999999999998,50,None,0.9982186436653138,0.39754741368815305
249,4.7,-5.3,3,Hero,0.9999421040217081,0.863308310508728
250,-4.999999999999998,-4.999999999999998,50,None,0.9971226847171784,0.6203222827613354
251,-4.999999999999998,-4.999999999999998,50,None,0.9990854549407959,0.42834624260663984
252,-4.999999999999998,-4.999999999999998,50,None,0.9994139814376831,0.3983790189027786
253,-4.999999999999998,-4.999999999999998,50,None,0.9765323004964739,0.6561458209902048
254,-4.999999999999998,-4.999999999999998,50,None,0.999221715927124,0.39306618764996526
255,-4.999999999999998,-4.999999999999998,50,None,0.9993963062763214,0.5215646405518055
256,-4.999999999999998,-4.999999999999998,50,None,0.9986112499237061,0.43671149224042893
257,4.9,-5.1,1,Hero,0.9999575614929199,0.8688915967941284
258,4.800000000000001,-5.199999999999999,2,Hero,0.9999724626541138,0.9364829659461975
259,-4.999999999999998,-4.999999999999998,50,None,0.9985136008262634,0.5094404431432485
260,-4.999999999999998,-4.999999999999998,50,None,0.9997802639007568,0.7988674983009696
261,-4.999999999999998,-4.999999999999998,50,None,0.9977690815925598,0.5689621740579605
262,-4.999999999999998,-4.999999999999998,50,None,0.9992705929279327,0.6295312544703484
263,-4.999999999999998,-4.999999999999998,50,None,0.9990536057949067,0.5157900498807431
264,-4.999999999999998,-4.999999999999998,50,None,0.9960844051837922,0.4998314502090216
265,4.300000000000001,-5.699999999999999,7,Hero,0.9999491657529559,0.8314953071198293
266,-4.999999999999998,-4.999999999999998,50,None,0.9988563776016235,0.7714092184603214
267,-4.999999999999998,-4.999999999999998,50,None,0.9997874438762665,0.9210472197644413
268,-4.999999999999998,-4.999999999999998,50,None,0.9999087703227997,0.8114416494220495
269,-4.999999999999998,-4.999999999999998,50,None,0.9974272584915161,0.7677282392978668
270,-5.199999999999999,4.800000000000001,2,Villain,0.997019499540329,0.8813267648220062
271,-4.999999999999998,-4.999999999999998,50,None,0.9973586630821228,0.5790159213170409
272,-4.999999999999998,-4.999999999999998,50,None,0.9995224606990815,0.9217466327175498
273,-4.999999999999998,-4.999999999999998,50,None,0.9998463571071625,0.9505729973688721
274,-4.999999999999998,-4.999999999999998,50,None,0.9999235272407532,0.9897249293327331
275,4.4,-5.6,6,Hero,0.9998980760574341,0.9945973753929138
276,-4.999999999999998,-4.999999999999998,50,None,0.999459445476532,0.8818574826326221
277,-4.999999999999998,-4.999999999999998,50,None,0.9988228571414948,0.7875420139357447
278,-4.999999999999998,-4.999999999999998,50,None,0.9970759630203248,0.8554441732168198
279,-4.999999999999998,-4.999999999999998,50,None,0.9987075674533844,0.9534320347383618
280,-4.999999999999998,-4.999999999999998,50,None,0.9975844752788544,0.8953139807656407
281,-4.999999999999998,-4.999999999999998,50,None,0.9997410821914673,0.989055962562561
282,-4.999999999999998,-4.999999999999998,50,None,0.9965595412254333,0.6457944002747535
283,4.5,-5.5,5,Hero,0.9997974634170532,0.9947452664375305
284,-4.999999999999998,-4.999999999999998,50,None,0.9996362090110779,0.966012681927532
285,-4.999999999999998,-4.999999999999998,50,None,0.9954201591014862,0.5498692389577627
286,4.4,-5.6,6,Hero,0.9993200202782949,0.98920539021492
287,-4.999999999999998,-4.999999999999998,50,None,0.9997613537311554,0.9799612069129944
288,-4.999999999999998,-4.999999999999998,50,None,0.9961597180366516,0.6336420278251171
289,-4.999999999999998,-4.999999999999998,50,None,0.9979463315010071,0.9424729077517986
290,-4.999999999999998,-4.999999999999998,50,None,0.9711795067414641,0.5149534527212382
291,-4.999999999999998,-4.999999999999998,50,None,0.9993937921524048,0.9005233347043395
292,-4.999999999999998,-4.999999999999998,50,None,0.9455349156819284,0.4662310380488634
293,-4.999999999999998,-4.999999999999998,50,None,0.9998699498176574,0.9568711715564132
294,-4.999999999999998,-4.999999999999998,50,None,0.9994332110881805,0.9434214475005865
295,-4.999999999999998,-4.999999999999998,50,None,0.9995255255699158,0.8740115390717983
296,-4.999999999999998,-4.999999999999998,50,None,0.9998523092269898,0.9907951653003693
297,-4.999999999999998,-4.999999999999998,50,None,0.9999780106544495,0.9772862430242821
298,-4.999999999999998,-4.999999999999998,50,None,0.9954197204113007,0.42928838029503824
299,-4.999999999999998,-4.999999999999998,50,None,0.9999323344230652,0.9877977383136749
300,-4.999999999999998,-4.999999999999998,50,None,0.9999184441566468,0.9921133184432983
301,-4.999999999999998,-4.999999999999998,50,None,0.9970359385013581,0.764242725726217
302,-4.999999999999998,-4.999999999999998,50,None,0.9996340191364288,0.9234229284804314
303,-4.999999999999998,-4.999999999999998,50,None,0.9759156877547502,0.5474879011511803
304,-4.999999999999998,-4.999999999999998,50,None,0.9999359607696533,0.9651212730165571
305,-4.999999999999998,-4.999999999999998,50,None,0.9978924369812012,0.5781688520312309
306,-4.999999999999998,-4.999999999999998,50,None,0.9975984799861908,0.46487447842955587
307,-4.999999999999998,-4.999999999999998,50,None,0.9997489607334137,0.7989909222349525
308,-4.999999999999998,-4.999999999999998,50,None,0.9992238247394561,0.5692412450909614
309,-4.999999999999998,-4.999999999999998,50,None,0.9980534923076629,0.3773450127243996
310,-4.999999999999998,-4.999999999999998,50,None,0.9793223685992416,0.7309048594161868
311,4.1000000000000005,-5.8999999999999995,9,Hero,0.9993182884322273,0.8802231221149365
312,-4.999999999999998,-4.999999999999998,50,None,0.9980352032184601,0.637202112711966
313,-4.999999999999998,-4.999999999999998,50,None,0.9998379576206208,0.9221764229703695
314,4.800000000000001,-5.199999999999999,2,Hero,0.9998058378696442,0.9904311299324036
315,-4.999999999999998,-4.999999999999998,50,None,0.9963703119754791,0.5316810415312648
316,-4.999999999999998,-4.999999999999998,50,None,0.9991350090503692,0.9057619983330369
317,-4.999999999999998,-4.999999999999998,50,None,0.9993498754501343,0.8629855366796255
318,-4.999999999999998,-4.999999999999998,50,None,0.999826021194458,0.8514326703874394
319,-4.999999999999998,-4.999999999999998,50,None,0.9978440725803375,0.48633981697261336
320,-4.999999999999998,-4.999999999999998,50,None,0.9997449517250061,0.9381696711108088
321,-4.999999999999998,-4.999999999999998,50,None,0.9978511679172516,0.4475601355638355
322,-4.999999999999998,-4.999999999999998,50,None,0.9968506073951722,0.43970627814531327
323,-4.999999999999998,-4.999999999999998,50,None,0.999060560464859,0.723933269828558
324,-4.999999999999998,-4.999999999999998,50,None,0.9999340295791626,0.9703571006003767
325,-4.999999999999998,-4.999999999999998,50,None,0.999741473197937,0.8182784935832024
326,-4.999999999999998,-4.999999999999998,50,None,0.9998229718208314,0.9041982520744205
327,-4.999999999999998,-4.999999999999998,50,None,0.9989348006248474,0.8643530651554465
328,-4.999999999999998,-4.999999999999998,50,None,0.9987673830986022,0.759485925938934
329,-4.999999999999998,-4.999999999999998,50,None,0.9999336373805999,0.9819081604480744
330,-4.999999999999998,-4.999999999999998,50,None,0.999893798828125,0.9058920289203525
331,-4.999999999999998,-4.999999999999998,50,None,0.9258688378473744,0.41383930161595345
332,-4.999999999999998,-4.999999999999998,50,None,0.9992983424663544,0.9124851229973138
333,-4.999999999999998,-4.999999999999998,50,None,0.9999496161937713,0.9730003130901604
334,-4.999999999999998,-4.999999999999998,50,None,0.9972134041786194,0.583721362054348
335,-4.999999999999998,-4.999999999999998,50,None,0.9997512447834015,0.9231813310086727
336,-4.999999999999998,-4.999999999999998,50,None,0.9945739483833314,0.46010181196033956
337,-4.999999999999998,-4.999999999999998,50,None,0.9968188619613647,0.5181387771293521
338,4.9,-5.1,1,Hero,0.9997349381446838,0.9951865077018738
339,4.5,-5.5,5,Hero,0.9986599087715149,0.9792692184448242
340,-4.999999999999998,-4.999999999999998,50,None,0.9738509293925017,0.4996207799017429
341,-4.999999999999998,-4.999999999999998,50,None,0.997357964515686,0.7249613864347338
342,-4.999999999999998,-4.999999999999998,50,None,0.9700777229247615,0.4394814694672823
343,-4.999999999999998,-4.999999999999998,50,None,0.9903823745250702,0.5233005188405514
344,-4.999999999999998,-4.999999999999998,50,None,0.9997132337093353,0.9156333957798779
345,-4.999999999999998,-4.999999999999998,50,None,0.9945076322555542,0.5508432288467884
346,-4.999999999999998,-4.999999999999998,50,None,0.9983132755756379,0.8664367973431945
347,-4.999999999999998,-4.999999999999998,50,None,0.9995153307914734,0.9043448591977358
348,-4.999999999999998,-4.999999999999998,50,None,0.9633390378579497,0.5868702390789986
349,-4.999999999999998,-4.999999999999998,50,None,0.9497599535668269,0.5898303842544556
350,-4.999999999999998,-4.999999999999998,50,None,0.9807591426372528,0.49940029887482523
351,-4.999999999999998,-4.999999999999998,50,None,0.9966423952579498,0.8870378176541999
352,-4.999999999999998,-4.999999999999998,50,None,0.9959516823291779,0.7256852675974369
353,-4.999999999999998,-4.999999999999998,50,None,0.9772360236401437,0.9114892525970936
354,-4.999999999999998,-4.999999999999998,50,None,0.9846993958950043,0.490979905501008
355,-4.999999999999998,-4.999999999999998,50,None,0.9939756059646606,0.7230292728170753
356,-4.999999999999998,-4.999999999999998,50,None,0.9750482302345336,0.7815785511862486
357,4.6000000000000005,-5.3999999999999995,4,Hero,0.996675655245781,0.9841068089008331
358,-4.999999999999998,-4.999999999999998,50,None,0.8803450655937195,0.5045316389761865
359,-4.999999999999998,-4.999999999999998,50,None,0.9412514898041263,0.6520600294321776
360,-4.999999999999998,-4.999999999999998,50,None,0.9944529914855957,0.859798471480608
361,-4.999999999999998,-4.999999999999998,50,None,0.8017989474534989,0.5683236750215293
362,-4.999999999999998,-4.999999999999998,50,None,0.9975774717330933,0.973167165517807
363,-4.999999999999998,-4.999999999999998,50,None,0.85229610145092,0.6100494004040956
364,-4.999999999999998,-4.999999999999998,50,None,0.9702884271368384,0.8310783110931516
365,-4.999999999999998,-4.999999999999998,50,None,0.7763681507110596,0.5888670796155929
366,-4.999999999999998,-4.999999999999998,50,None,0.7305969397875015,0.5233991831541062
367,4.6000000000000005,-5.3999999999999995,4,Hero,0.9857659190893173,0.736880689393729
368,-4.999999999999998,-4.999999999999998,50,None,0.8907511845231056,0.42565152183175087
369,-4.999999999999998,-4.999999999999998,50,None,0.999625860452652,0.9483030994236469
370,-4.999999999999998,-4.999999999999998,50,None,0.9933284533023834,0.5494655138254165
371,-4.999999999999998,-4.999999999999998,50,None,0.9992894446849823,0.8523563785851002
372,4.800000000000001,-5.199999999999999,2,Hero,0.9996839165687561,0.9901602566242218
373,-4.999999999999998,-4.999999999999998,50,None,0.9925503396987915,0.38375418588519095
374,-4.999999999999998,-4.999999999999998,50,None,0.999991409778595,0.9901708281040191
375,-4.999999999999998,-4.999999999999998,50,None,0.993891179561615,0.4084234943985939
376,-4.999999999999998,-4.999999999999998,50,None,0.993238617181778,0.48213744673877956
377,-4.999999999999998,-4.999999999999998,50,None,0.9986641144752503,0.500231900215149
378,4.300000000000001,-5.699999999999999,7,Hero,0.9993954982076373,0.6886466534675232
379,-4.999999999999998,-4.999999999999998,50,None,0.9949576389789582,0.4990214577317238
380,-4.999999999999998,-4.999999999999998,50,None,0.9541039863112383,0.48503104254603385
381,-4.999999999999998,-4.999999999999998,50,None,0.9794145438939449,0.6629062007367611
382,-4.999999999999998,-4.999999999999998,50,None,0.9999838972091675,0.9883909821510315
383,-4.999999999999998,-4.999999999999998,50,None,0.9999402785301208,0.9388424440845847
384,-4.999999999999998,-4.999999999999998,50,None,0.9993774664402008,0.6920429917424917
385,-4.999999999999998,-4.999999999999998,50,None,0.9906389796733857,0.4369521473348141
386,4.1000000000000005,-5.8999999999999995,9,Hero,0.9996761149830289,0.8738649944360886
387,-4.999999999999998,-4.999999999999998,50,None,0.9740195406321436,0.4625325261056423
388,-4.999999999999998,-4.999999999999998,50,None,0.9968636417388916,0.48175009425729515
389,-4.999999999999998,-4.999999999999998,50,None,0.9728849158808589,0.5316847084835171
390,-4.999999999999998,-4.999999999999998,50,None,0.9999475049972534,0.9448204608634114
391,-4.999999999999998,-4.999999999999998,50,None,0.9999643063545227,0.9891417753696442
392,-4.999999999999998,-4.999999999999998,50,None,0.9992749452590942,0.8041332377493382
393,-4.999999999999998,-4.999999999999998,50,None,0.9786305496096611,0.6007065369933844
394,-4.999999999999998,-4.999999999999998,50,None,0.9994427621364593,0.6490104002691806
395,4.300000000000001,-5.699999999999999,7,Hero,0.9996708886963981,0.844600860029459
396,-4.999999999999998,-4.999999999999998,50,None,0.9982174277305603,0.5805901060625911
397,-4.999999999999998,-4.999999999999998,50,None,0.9996412360668182,0.8163327236101031
398,-4.999999999999998,-4.999999999999998,50,None,0.999760969877243,0.787034222688526
399,-4.999999999999998,-4.999999999999998,50,None,0.9987829458713532,0.6233225144445896
400,-4.999999999999998,-4.999999999999998,50,None,0.9981772744655609,0.5620111281424761
401,-4.999999999999998,-4.999999999999998,50,None,0.9788525417482015,0.7003745077550412
402,-4.999999999999998,-4.999999999999998,50,None,0.999573928117752,0.8861863239109516
403,-4.999999999999998,-4.999999999999998,50,None,0.9979481744766235,0.46338671550154686
404,4.9,-5.1,1,Hero,0.9999436140060425,0.9826279282569885
405,-4.999999999999998,-4.999999999999998,50,None,0.9982306861877441,0.581041834205389
406,-4.999999999999998,-4.999999999999998,50,None,0.9987379252910614,0.5413044624775648
407,-4.999999999999998,-4.999999999999998,50,None,0.9497953216731548,0.440680321380496
408,4.6000000000000005,-5.3999999999999995,4,Hero,0.9998399317264557,0.9895365983247757
409,-4.999999999999998,-4.999999999999998,50,None,0.9995825934410095,0.8054647628962993
410,-4.999999999999998,-4.999999999999998,50,None,0.9999573278427124,0.9102864636108279
411,-4.999999999999998,-4.999999999999998,50,None,0.9712893927027472,0.5169649973139167
412,-4.999999999999998,-4.999999999999998,50,None,0.99969984292984,0.8329898516833782
413,-4.999999999999998,-4.999999999999998,50,None,0.9996221125125885,0.6745848056627437
414,-4.999999999999998,-4.999999999999998,50,None,0.9957276904582977,0.5523809705674648
415,-4.999999999999998,-4.999999999999998,50,None,0.9967346715927125,0.43050641775131226
416,-4.999999999999998,-4.999999999999998,50,None,0.9989808034896851,0.4944598366320133
417,-5.199999999999999,4.800000000000001,2,Villain,0.999880850315094,0.9922012388706207
418,-4.999999999999998,-4.999999999999998,50,None,0.9997910797595978,0.8239835510961712
419,4.7,-5.3,3,Hero,0.9998465379079183,0.9936594367027283
420,-4.999999999999998,-4.999999999999998,50,None,0.9999705052375794,0.9688112351857125
421,-4.999999999999998,-4.999999999999998,50,None,0.9736154556460679,0.5355348634906113
422,-4.999999999999998,-4.999999999999998,50,None,0.9998601460456848,0.9436418096348643
423,-4.999999999999998,-4.999999999999998,50,None,0.9984993147850036,0.5112103674188256
424,-4.999999999999998,-4.999999999999998,50,None,0.9974033617973328,0.5261176134645938
425,-4.999999999999998,-4.999999999999998,50,None,0.9999789786338806,0.97133042702917
426,-4.999999999999998,-4.999999999999998,50,None,0.989150948524475,0.5261194725334645
427,-4.999999999999998,-4.999999999999998,50,None,0.9999442577362061,0.9553263854980468
428,-4.999999999999998,-4.999999999999998,50,None,0.9884517371654511,0.4733063402026892
429,4.2,-5.8,8,Hero,0.9998098090291023,0.9910739883780479
430,-4.999999999999998,-4.999999999999998,50,None,0.9544608494825662,0.4596869221329689
431,-4.999999999999998,-4.999999999999998,50,None,0.9998356771469116,0.959561149775982
432,-4.999999999999998,-4.999999999999998,50,None,0.9922810745239258,0.46581486470997335
433,-4.999999999999998,-4.999999999999998,50,None,0.8876016713306307,0.3942015419155359
434,-4.999999999999998,-4.999999999999998,50,None,0.9992020499706268,0.8646766784414649
435,-4.999999999999998,-4.999999999999998,50,None,0.9741616534441709,0.5236612098198384
436,-4.999999999999998,-4.999999999999998,50,None,0.9998235166072845,0.9217449844256044
437,-4.999999999999998,-4.999999999999998,50,None,0.9776784829236567,0.7909968693554401
438,-4.999999999999998,-4.999999999999998,50,None,0.9760972471162677,0.5982010915875435
439,-4.999999999999998,-4.999999999999998,50,None,0.9995764112472534,0.9573502039909363
440,-4.999999999999998,-4.999999999999998,50,None,0.999459125995636,0.9182508331094869
441,-4.999999999999998,-4.999999999999998,50,None,0.9998632478713989,0.8406534973159432
442,-4.999999999999998,-4.999999999999998,50,None,0.9998149490356445,0.9050574753526598
443,-4.999999999999998,-4.999999999999998,50,None,0.9874829125404357,0.45363706178963187
444,-5.199999999999999,4.800000000000001,2,Villain,0.8477020859718323,0.46770206093788147
445,-4.999999999999998,-4.999999999999998,50,None,0.999248514175415,0.9249314667657018
446,-4.999999999999998,-4.999999999999998,50,None,0.9463635724782944,0.47328277297317983
447,-4.999999999999998,-4.999999999999998,50,None,0.9363064443436451,0.47413720324635505
448,-4.999999999999998,-4.999999999999998,50,None,0.9119527178257704,0.4943442071974278
449,-4.999999999999998,-4.999999999999998,50,None,0.8909207264147699,0.44836824961006644
450,-4.999999999999998,-4.999999999999998,50,None,0.9750874471664429,0.4998424794897437
451,-4.999999999999998,-4.999999999999998,50,None,0.9568049753084779,0.5467066550254822
452,-4.999999999999998,-4.999999999999998,50,None,0.9989461016654968,0.843413551156409
453,-4.999999999999998,-4.999999999999998,50,None,0.9821404528617859,0.6057629917794839
454,-4.999999999999998,-4.999999999999998,50,None,0.9230008243024349,0.5087683829665184
455,-4.999999999999998,-4.999999999999998,50,None,0.8044289631396532,0.4868786708265543
456,-4.999999999999998,-4.999999999999998,50,None,0.8458486119657755,0.5418598433583974
457,-4.999999999999998,-4.999999999999998,50,None,0.9944780230522156,0.6964881343534216
458,-5.3999999999999995,4.6000000000000005,4,Villain,0.6338629722595215,0.7783148288726807
459,3.0999999999999996,-6.9,19,Hero,0.8199489324500686,0.5157859497948697
460,3.5,-6.5,15,Hero,0.5940492312113445,0.6337494939565659
461,3.2,-6.8,18,Hero,0.5595766554276148,0.6333864178094599
462,4.6000000000000005,-5.3999999999999995,4,Hero,0.5145523250102997,0.7373766340315342
463,3.0,-7.0,20,Hero,0.7371720559895039,0.6438004188239574
464,4.9,-5.1,1,Hero,0.4488587975502014,0.9936337471008301
465,-4.999999999999998,-4.999999999999998,50,None,0.948573383167386,0.9483536493778228
466,-4.999999999999998,-4.999999999999998,50,None,0.9994557476043702,0.5944214287400246
467,-4.999999999999998,-4.999999999999998,50,None,0.9888532221317291,0.6459044753015042
468,-4.999999999999998,-4.999999999999998,50,None,0.9461321468651295,0.44337694518268106
469,-4.999999999999998,-4.999999999999998,50,None,0.9993186271190644,0.7800214344263077
470,-4.999999999999998,-4.999999999999998,50,None,0.9999864315986633,0.9106250275857747
471,-4.999999999999998,-4.999999999999998,50,None,0.9118097020220012,0.5302385018765926
472,-4.999999999999998,-4.999999999999998,50,None,0.9999898362159729,0.7648584485799074
473,-4.999999999999998,-4.999999999999998,50,None,0.997838249206543,0.46957712531089785
474,-4.999999999999998,-4.999999999999998,50,None,0.9631196723878384,0.5452098271250725
475,-4.999999999999998,-4.999999999999998,50,None,0.9959723281860352,0.5462637448310852
476,4.7,-5.3,3,Hero,0.9999962647755941,0.99854576587677
477,-4.999999999999998,-4.999999999999998,50,None,0.9992383313179016,0.6152232901751995
478,-4.999999999999998,-4.999999999999998,50,None,0.9999646925926209,0.5230146474018693
479,-4.999999999999998,-4.999999999999998,50,None,0.9988161206245423,0.5061650091409683
480,-4.999999999999998,-4.999999999999998,50,None,0.9784927345067262,0.476463495567441
481,-4.999999999999998,-4.999999999999998,50,None,0.9954245340824127,0.4389618721604347
482,-4.999999999999998,-4.999999999999998,50,None,0.9984268462657928,0.37483595579862594
483,-4.999999999999998,-4.999999999999998,50,None,0.9705969757586718,0.534069356918335
484,-4.999999999999998,-4.999999999999998,50,None,0.9998882663249969,0.5932294814288617
485,-4.999999999999998,-4.999999999999998,50,None,0.9347551733255386,0.6088949590176344
486,-4.999999999999998,-4.999999999999998,50,None,0.9999966812133789,0.8353720186278224
487,-4.999999999999998,-4.999999999999998,50,None,0.9592826175689697,0.6616732116416096
488,-4.999999999999998,-4.999999999999998,50,None,0.9920685923099518,0.5563995058834553
489,-4.999999999999998,-4.999999999999998,50,None,0.9778706403821706,0.43115006998181343
490,4.800000000000001,-5.199999999999999,2,Hero,0.9999985694885254,0.9947241842746735
491,-4.999999999999998,-4.999999999999998,50,None,0.9599955198168755,0.599462172538042
492,-4.999999999999998,-4.999999999999998,50,None,0.9999281668663025,0.6651608577743172
493,-4.999999999999998,-4.999999999999998,50,None,0.9963323819637299,0.43451768174767497
494,-4.999999999999998,-4.999999999999998,50,None,0.9489887893944978,0.6006574885547161
495,-4.999999999999998,-4.999999999999998,50,None,0.9998649978637695,0.4121806491911411
496,-4.999999999999998,-4.999999999999998,50,None,0.9986043214797974,0.4682140761613846
497,-4.999999999999998,-4.999999999999998,50,None,0.9956977033615112,0.5020332871377469
498,-4.999999999999998,-4.999999999999998,50,None,0.9997605204582214,0.6046395975351334
499,-4.999999999999998,-4.999999999999998,50,None,0.9740032410621643,0.5623848803341389
500,-4.999999999999998,-4.999999999999998,50,None,0.9964630484580994,0.5212383251823485
501,-4.999999999999998,-4.999999999999998,50,None,0.9999822115898133,0.5940431934595108
502,-4.999999999999998,-4.999999999999998,50,None,0.9970776391029358,0.49190087884664535
503,-4.999999999999998,-4.999999999999998,50,None,0.896994571685791,0.6833787787612527
504,-4.999999999999998,-4.999999999999998,50,None,0.9958429098129272,0.5103084529936314
505,-4.999999999999998,-4.999999999999998,50,None,0.9959427845478058,0.47305756241083147
506,-4.999999999999998,-4.999999999999998,50,None,0.9285525551438332,0.6048488245531917
507,-4.999999999999998,-4.999999999999998,50,None,0.9998906171321869,0.45641046717762945
508,-4.999999999999998,-4.999999999999998,50,None,0.9966141355037689,0.4790709137916565
509,4.4,-5.6,6,Hero,0.9999977151552836,0.992428183555603
510,-4.999999999999998,-4.999999999999998,50,None,0.9999249505996705,0.5312983244657516
511,-4.999999999999998,-4.999999999999998,50,None,0.9602547623962164,0.5484129301458597
512,-4.999999999999998,-4.999999999999998,50,None,0.9999129962921143,0.45571499690413475
513,4.7,-5.3,3,Hero,0.999999205271403,0.9488829771677653
514,-4.999999999999998,-4.999999999999998,50,None,0.9749498571828008,0.4865715391933918
515,4.4,-5.6,6,Hero,0.9999995032946268,0.9824704527854919
516,-4.999999999999998,-4.999999999999998,50,None,0.9509635562449694,0.5165659235417843
517,4.7,-5.3,3,Hero,0.999999483426412,0.9684127569198608
518,-4.999999999999998,-4.999999999999998,50,None,0.9999949884414673,0.9473421471938491
519,-4.999999999999998,-4.999999999999998,50,None,0.9787659466266632,0.5339350855350494
520,-4.999999999999998,-4.999999999999998,50,None,0.9981784355640412,0.5335599711537361
521,-4.999999999999998,-4.999999999999998,50,None,0.999152444601059,0.3975704224407673
522,-4.999999999999998,-4.999999999999998,50,None,0.9989786076545716,0.36149815797805784
523,-4.999999999999998,-4.999999999999998,50,None,0.9706266429647803,0.5351305951923132
524,-4.999999999999998,-4.999999999999998,50,None,0.9383001048862935,0.5230069734156132
525,4.7,-5.3,3,Hero,0.9999985297520956,0.9991278648376465
526,-4.999999999999998,-4.999999999999998,50,None,0.9953503584861756,0.43675754323601723
527,-4.999999999999998,-4.999999999999998,50,None,0.9998743140697479,0.5353368988633156
528,4.300000000000001,-5.699999999999999,7,Hero,0.9999994720731463,0.9955272674560547
529,-4.999999999999998,-4.999999999999998,50,None,0.9999810433387757,0.6570531162619591
530,-4.999999999999998,-4.999999999999998,50,None,0.9932152962684632,0.45168056517839433
531,-4.999999999999998,-4.999999999999998,50,None,0.9995127940177917,0.39534024834632875
532,-4.999999999999998,-4.999999999999998,50,None,0.9993412888050079,0.6172384238243103
533,-4.999999999999998,-4.999999999999998,50,None,0.9991233479976654,0.3812268930673599
534,-4.999999999999998,-4.999999999999998,50,None,0.9973254060745239,0.4186688727140427
535,-4.999999999999998,-4.999999999999998,50,None,0.9993900620937347,0.48111423552036287
536,4.4,-5.6,6,Hero,0.999993105729421,0.9961573481559753
537,-4.999999999999998,-4.999999999999998,50,None,0.9756990569829941,0.3839000843791291
538,-4.999999999999998,-4.999999999999998,50,None,0.999997501373291,0.9435871643200516
539,-4.999999999999998,-4.999999999999998,50,None,0.9998026084899903,0.4751086717098951
540,-4.999999999999998,-4.999999999999998,50,None,0.915621370151639,0.449328426644206
541,-4.999999999999998,-4.999999999999998,50,None,0.9994444572925567,0.45317634373903276
542,-4.999999999999998,-4.999999999999998,50,None,0.9997732734680176,0.3963607893884182
543,-4.999999999999998,-4.999999999999998,50,None,0.9989516007900238,0.3651959988474846
544,-4.999999999999998,-4.999999999999998,50,None,0.9998812139034271,0.5531232328712941
545,-4.999999999999998,-4.999999999999998,50,None,0.9993641436100006,0.3683439194597304
546,-4.999999999999998,-4.999999999999998,50,None,0.9993539261817932,0.41982408955693246
547,-4.999999999999998,-4.999999999999998,50,None,0.928228544741869,0.5074932597205043
548,-4.999999999999998,-4.999999999999998,50,None,0.9999633646011352,0.47450033456087115
549,-4.999999999999998,-4.999999999999998,50,None,0.9649037034064532,0.5026011139154434
550,4.300000000000001,-5.699999999999999,7,Hero,0.9999996934618268,0.996529928275517
551,-4.999999999999998,-4.999999999999998,50,None,0.9999307596683502,0.5421344296634197
552,-4.999999999999998,-4.999999999999998,50,None,0.9999449288845063,0.5177190983295441
553,-4.999999999999998,-4.999999999999998,50,None,0.9999919152259826,0.5138434784859419
554,-4.999999999999998,-4.999999999999998,50,None,0.9990160059928894,0.380043685734272
555,-4.999999999999998,-4.999999999999998,50,None,0.9550057446956635,0.5000909888744354
556,-4.999999999999998,-4.999999999999998,50,None,0.9999988031387329,0.8888016234338284
557,-4.999999999999998,-4.999999999999998,50,None,0.9999424195289612,0.8402904506027699
558,-4.999999999999998,-4.999999999999998,50,None,0.9906121718883515,0.41812282816506924
559,-4.999999999999998,-4.999999999999998,50,None,0.9999991130828857,0.9104994704574346
560,-4.999999999999998,-4.999999999999998,50,None,0.9999996185302734,0.9721606402192264
561,-4.999999999999998,-4.999999999999998,50,None,0.9991699659824371,0.40875657796859743
562,-4.999999999999998,-4.999999999999998,50,None,0.999990062713623,0.633661825209856
563,-4.999999999999998,-4.999999999999998,50,None,0.9940820848941803,0.46693107843399045
564,4.4,-5.6,6,Hero,0.9999980131785074,0.976053794225057
565,-4.999999999999998,-4.999999999999998,50,None,0.9999993085861206,0.9277758448943496
566,-4.999999999999998,-4.999999999999998,50,None,0.9998842740058899,0.4493737804889679
567,-4.999999999999998,-4.999999999999998,50,None,0.9785316271334886,0.49212014108896257
568,-5.199999999999999,4.800000000000001,2,Villain,0.9740061461925507,0.9739713072776794
569,-4.999999999999998,-4.999999999999998,50,None,0.9999694418907166,0.5613278575241566
570,-4.999999999999998,-4.999999999999998,50,None,0.9988369333744049,0.4212258857488632
571,-4.999999999999998,-4.999999999999998,50,None,0.9999995994567871,0.986115654706955
572,-4.999999999999998,-4.999999999999998,50,None,0.9796134831616655,0.3868015077710152
573,-4.999999999999998,-4.999999999999998,50,None,0.9999943995475769,0.7042454645037651
574,-4.999999999999998,-4.999999999999998,50,None,0.9999756002426148,0.4078245325386524
575,4.7,-5.3,3,Hero,0.9999997218449911,0.9782085617383321
576,-4.999999999999998,-4.999999999999998,50,None,0.9772399544715882,0.5151411248743534
577,-4.999999999999998,-4.999999999999998,50,None,0.9998366975784302,0.7399099592119456
578,-4.999999999999998,-4.999999999999998,50,None,0.9999170136451722,0.43549465507268903
579,-4.999999999999998,-4.999999999999998,50,None,0.9999791145324707,0.6756092584133149
580,-4.999999999999998,-4.999999999999998,50,None,0.989671061038971,0.4137618300318718
581,-4.999999999999998,-4.999999999999998,50,None,0.9591086221687146,0.4135231781005859
582,-4.999999999999998,-4.999999999999998,50,None,0.9989153134822846,0.37418900966644286
583,-5.1,4.9,1,Villain,0.9989939332008362,0.9942483901977539
584,-4.999999999999998,-4.999999999999998,50,None,0.9999961185455323,0.633372345790267
585,-4.999999999999998,-4.999999999999998,50,None,0.9997868430614472,0.35199604362249376
586,-4.999999999999998,-4.999999999999998,50,None,0.999307450056076,0.40290107995271685
587,4.9,-5.1,1,Hero,0.999998927116394,0.9958831071853638
588,-4.999999999999998,-4.999999999999998,50,None,0.9997359395027161,0.387118079662323
589,-4.999999999999998,-4.999999999999998,50,None,0.999659126996994,0.46223691433668135
590,-4.999999999999998,-4.999999999999998,50,None,0.9998612260818481,0.3453649291396141
591,-4.999999999999998,-4.999999999999998,50,None,0.9999513030052185,0.37447115063667297
592,-4.999999999999998,-4.999999999999998,50,None,0.9999346172809601,0.7185241870582104
593,-4.999999999999998,-4.999999999999998,50,None,0.9999991655349731,0.6285400256887078
594,4.9,-5.1,1,Hero,0.999997615814209,0.9929579496383667
595,-5.1,4.9,1,Villain,0.09690617024898529,0.797441303730011
596,-4.999999999999998,-4.999999999999998,50,None,0.9996713769435882,0.3689665579795837
597,-4.999999999999998,-4.999999999999998,50,None,0.9986521935462952,0.5178802160173654
598,4.5,-5.5,5,Hero,0.9999995708465577,0.9992240190505981
599,-4.999999999999998,-4.999999999999998,50,None,0.9999660849571228,0.38082131087779997
600,-4.999999999999998,-4.999999999999998,50,None,0.9999998188018799,0.6153730725497008
601,-4.999999999999998,-4.999999999999998,50,None,0.9999998140335083,0.9774290299415589
602,-4.999999999999998,-4.999999999999998,50,None,0.9999999928474427,0.9100446863658727
603,-4.999999999999998,-4.999999999999998,50,None,0.9999997210502625,0.8624633409082889
604,-4.999999999999998,-4.999999999999998,50,None,0.9999570322036743,0.3660932305455208
605,-4.999999999999998,-4.999999999999998,50,None,0.9999996781349182,0.7801495879143476
606,-4.999999999999998,-4.999999999999998,50,None,0.9997375893592835,0.47735881723463536
607,-4.999999999999998,-4.999999999999998,50,None,0.99851637840271,0.5767355088889599
608,-4.999999999999998,-4.999999999999998,50,None,0.999975836277008,0.40652094662189486
609,4.4,-5.6,6,Hero,0.9999989867210388,0.9901072084903717
610,-4.999999999999998,-4.999999999999998,50,None,0.9999356400966645,0.5050191062688828
611,-4.999999999999998,-4.999999999999998,50,None,0.9999756646156311,0.36846109211444855
612,-4.999999999999998,-4.999999999999998,50,None,0.9984839248657227,0.47975685089826586
613,4.6000000000000005,-5.3999999999999995,4,Hero,1.0,0.9996886849403381
614,-4.999999999999998,-4.999999999999998,50,None,0.9999565434455872,0.38681723549962044
615,-4.999999999999998,-4.999999999999998,50,None,0.9997734165191651,0.3763164395093918
616,-4.999999999999998,-4.999999999999998,50,None,0.9999998307228088,0.7542023050785065
617,-4.999999999999998,-4.999999999999998,50,None,0.9994049179553985,0.46923039078712464
618,-4.999999999999998,-4.999999999999998,50,None,0.9791417467105202,0.42270015984773635
619,-4.999999999999998,-4.999999999999998,50,None,0.9999901533126831,0.5151384527981281
620,-4.999999999999998,-4.999999999999998,50,None,0.9986150920391083,0.4632637882232666
621,-4.999999999999998,-4.999999999999998,50,None,0.999880964756012,0.3912656123936176
622,-4.999999999999998,-4.999999999999998,50,None,0.9999587655067443,0.4123876102268696
623,-4.999999999999998,-4.999999999999998,50,None,0.9999807953834534,0.3735884001851082
624,-4.999999999999998,-4.999999999999998,50,None,0.9993033051490784,0.5065921316388995
625,-4.999999999999998,-4.999999999999998,50,None,0.9999750661849975,0.4457397163636051
626,-4.999999999999998,-4.999999999999998,50,None,0.9987109971046447,0.4675179711729288
627,-4.999999999999998,-4.999999999999998,50,None,0.9994823789596557,0.4838772886991501
628,-4.999999999999998,-4.999999999999998,50,None,0.9971862757205963,0.627757606729865
629,-4.999999999999998,-4.999999999999998,50,None,0.999993314743042,0.40085839048027994
630,-4.999999999999998,-4.999999999999998,50,None,0.9994807815551758,0.5285250928997993
631,-4.999999999999998,-4.999999999999998,50,None,0.9999256324768067,0.40515965908765794
632,-4.999999999999998,-4.999999999999998,50,None,0.9999995970726013,0.48617076978087426
633,-4.999999999999998,-4.999999999999998,50,None,0.9980109190940857,0.5688897480303422
634,-4.999999999999998,-4.999999999999998,50,None,0.9996952486038208,0.5293035930395127
635,4.1000000000000005,-5.8999999999999995,9,Hero,0.9999996291266547,0.9590113030539619
636,-4.999999999999998,-4.999999999999998,50,None,0.9996361267566681,0.45504106402397154
637,-4.999999999999998,-4.999999999999998,50,None,0.9999148833751679,0.4115242722630501
638,-4.999999999999998,-4.999999999999998,50,None,0.9998506915569305,0.4282035011053085
639,-4.999999999999998,-4.999999999999998,50,None,0.9989773046970367,0.458060921728611
640,-4.999999999999998,-4.999999999999998,50,None,0.9996493005752564,0.42892028007190675
641,-4.999999999999998,-4.999999999999998,50,None,0.9999862885475159,0.4045017737150192
642,-4.999999999999998,-4.999999999999998,50,None,0.9999935221672058,0.4866888466477394
643,-4.999999999999998,-4.999999999999998,50,None,1.0,0.9288727660477162
644,-4.999999999999998,-4.999999999999998,50,None,0.9999146068096161,0.3701684540510178
645,-4.999999999999998,-4.999999999999998,50,None,0.9999998307228088,0.68344292730093
646,-4.999999999999998,-4.999999999999998,50,None,0.9999971318244935,0.44915324442554266
647,-4.999999999999998,-4.999999999999998,50,None,0.9999999904632568,0.8204921404831111
648,-4.999999999999998,-4.999999999999998,50,None,0.9999688279628753,0.40254196271300313
649,-4.999999999999998,-4.999999999999998,50,None,0.9999983215332031,0.42661835595965386
650,-4.999999999999998,-4.999999999999998,50,None,0.997241804599762,0.6787901824712753
651,-4.999999999999998,-4.999999999999998,50,None,0.9999606919288635,0.5011508159339428
652,4.800000000000001,-5.199999999999999,2,Hero,1.0,0.9984385371208191
653,-4.999999999999998,-4.999999999999998,50,None,0.9999843835830688,0.41646591350436213
654,-4.999999999999998,-4.999999999999998,50,None,0.9999935483932495,0.43295330107212066
655,-4.999999999999998,-4.999999999999998,50,None,0.9999936890602111,0.3640398606657982
656,-4.999999999999998,-4.999999999999998,50,None,0.9970478367805481,0.531012870464474
657,-4.999999999999998,-4.999999999999998,50,None,0.9999999761581421,0.7363099122419954
658,-4.999999999999998,-4.999999999999998,50,None,0.9999996709823609,0.43127299547195436
659,-4.999999999999998,-4.999999999999998,50,None,0.999999406337738,0.48072048895061015
660,-4.999999999999998,-4.999999999999998,50,None,0.9999997758865357,0.4169006638228893
661,-4.999999999999998,-4.999999999999998,50,None,0.9999949359893798,0.4781185014545917
662,-4.999999999999998,-4.999999999999998,50,None,0.9999681401252747,0.4480590549111366
663,-4.999999999999998,-4.999999999999998,50,None,0.9987289106845856,0.6024042963981628
664,-5.6,4.4,6,Villain,0.9999462167421976,0.37877367219577235
665,-4.999999999999998,-4.999999999999998,50,None,0.9999799656867981,0.41791662871837615
666,-4.999999999999998,-4.999999999999998,50,None,0.9987891900539398,0.6145717115700244
667,-4.999999999999998,-4.999999999999998,50,None,0.9999994730949402,0.3614430619776249
668,-4.999999999999998,-4.999999999999998,50,None,0.9999104702472686,0.5570386199653149
669,-4.999999999999998,-4.999999999999998,50,None,0.9990717542171478,0.6224980673752725
670,-4.999999999999998,-4.999999999999998,50,None,0.9999401307106018,0.5190685445070267
671,-4.999999999999998,-4.999999999999998,50,None,0.9996329295635223,0.6161721855029464
672,-4.999999999999998,-4.999999999999998,50,None,0.9999328064918518,0.5290938712656498
673,-4.999999999999998,-4.999999999999998,50,None,0.9988757956027985,0.6284285214263946
674,-5.699999999999999,4.300000000000001,7,Villain,0.9997411710875375,0.8282609241349357
675,-4.999999999999998,-4.999999999999998,50,None,0.9999929022789001,0.6037312239408493
676,4.9,-5.1,1,Hero,1.0,0.31140848994255066
677,-4.999999999999998,-4.999999999999998,50,None,0.9995392215251923,0.948375117778778
678,4.1000000000000005,-5.8999999999999995,9,Hero,0.9999999735090468,0.7755549074047141
679,-4.999999999999998,-4.999999999999998,50,None,0.9997817993164062,0.9299856063723564
680,-4.999999999999998,-4.999999999999998,50,None,0.999483253955841,0.9154601924866438
681,-4.999999999999998,-4.999999999999998,50,None,0.9994634819030762,0.9776819288171827
682,4.4,-5.6,6,Hero,1.0,0.6211390867829323
683,-4.999999999999998,-4.999999999999998,50,None,0.9999995398521423,0.8874094082042575
684,4.7,-5.3,3,Hero,0.9999999602635702,0.8296032547950745
685,-4.999999999999998,-4.999999999999998,50,None,0.9999822735786438,0.9218765493482352
686,-4.999999999999998,-4.999999999999998,50,None,0.9978690838813782,0.9774908697605134
687,4.4,-5.6,6,Hero,0.999998946984609,0.7384514038761457
688,-4.999999999999998,-4.999999999999998,50,None,0.9997580778598786,0.979333713054657
689,4.7,-5.3,3,Hero,0.9999998807907104,0.9092296759287516
690,-4.999999999999998,-4.999999999999998,50,None,0.9999819540977478,0.9285383293777705
691,-4.999999999999998,-4.999999999999998,50,None,0.9983724927902222,0.9961834990978241
692,-4.999999999999998,-4.999999999999998,50,None,0.9999952244758606,0.8654490472748876
693,4.4,-5.6,6,Hero,0.9999997218449911,0.5760962317387263
694,-5.3999999999999995,4.6000000000000005,4,Villain,0.9999977350234985,0.9060064554214478
695,-4.999999999999998,-4.999999999999998,50,None,0.9999977135658265,0.8920695408806205
696,-4.999999999999998,-4.999999999999998,50,None,0.9999452328681946,0.9645893704891205
697,-4.999999999999998,-4.999999999999998,50,None,0.9926479399204254,0.9592771562933922
698,-4.999999999999998,-4.999999999999998,50,None,0.9975046336650848,0.9947068619728089
699,4.7,-5.3,3,Hero,0.9999999205271403,0.6717575887838999
700,-4.999999999999998,-4.999999999999998,50,None,0.9999994802474975,0.8448698189854622
701,-4.999999999999998,-4.999999999999998,50,None,0.9998951017856598,0.9632314267940819
702,-4.999999999999998,-4.999999999999998,50,None,0.9996697402000427,0.9756807486247271
703,-4.999999999999998,-4.999999999999998,50,None,0.9999647188186646,0.8998412734270096
704,-4.999999999999998,-4.999999999999998,50,None,0.999901624917984,0.9582176547497511
705,-4.999999999999998,-4.999999999999998,50,None,0.9999641728401184,0.8870472667366266
706,-4.999999999999998,-4.999999999999998,50,None,0.9998097896575928,0.9694014847278595
707,-5.3999999999999995,4.6000000000000005,4,Villain,0.9999905526638031,0.9942442327737808
708,-4.999999999999998,-4.999999999999998,50,None,0.9979216408729553,0.9665513736009598
709,-4.999999999999998,-4.999999999999998,50,None,0.9966227340698243,0.9777444362384267
710,-4.999999999999998,-4.999999999999998,50,None,0.9936678731441497,0.9980227470397949
711,-4.999999999999998,-4.999999999999998,50,None,0.9998835420608521,0.9961870956420898
712,-4.999999999999998,-4.999999999999998,50,None,0.9998846220970153,0.9980350756645202
713,4.300000000000001,-5.699999999999999,7,Hero,1.0,0.7248446715197393
714,-4.999999999999998,-4.999999999999998,50,None,0.9999952173233032,0.829731871932745
715,-4.999999999999998,-4.999999999999998,50,None,0.9957316470146179,0.9897430908679962
716,-4.999999999999998,-4.999999999999998,50,None,0.9999563956260681,0.9754005156550556
717,4.5,-5.5,5,Hero,0.999998927116394,0.7967270314693451
718,-4.999999999999998,-4.999999999999998,50,None,0.9782920376956463,0.8919544089585543
719,4.9,-5.1,1,Hero,0.9999998807907104,0.8194832801818848
720,-4.999999999999998,-4.999999999999998,50,None,0.9999903297424316,0.9824327182769775
721,-4.999999999999998,-4.999999999999998,50,None,0.9995244109630584,0.9283122120797634
722,4.800000000000001,-5.199999999999999,2,Hero,0.9999998807907104,0.5666298791766167
723,4.300000000000001,-5.699999999999999,7,Hero,0.9999997104917254,0.46920531136648996
724,4.1000000000000005,-5.8999999999999995,9,Hero,1.0,0.8089302563005023
725,-4.999999999999998,-4.999999999999998,50,None,0.9997434508800507,0.9926294088363647
726,-4.999999999999998,-4.999999999999998,50,None,0.9999922704696655,0.8314887531101703
727,-4.999999999999998,-4.999999999999998,50,None,0.9998051798343659,0.8712036227062344
728,-4.999999999999998,-4.999999999999998,50,None,0.9999974131584167,0.9340533965826034
729,-4.999999999999998,-4.999999999999998,50,None,0.9989194548130036,0.984976954460144
730,-4.999999999999998,-4.999999999999998,50,None,0.9999980068206787,0.8019296671450138
731,-4.999999999999998,-4.999999999999998,50,None,0.999775903224945,0.9961376428604126
732,-4.999999999999998,-4.999999999999998,50,None,0.9999667692184449,0.9460304249823094
733,-4.999999999999998,-4.999999999999998,50,None,0.9999962210655212,0.8036911258846522
734,-4.999999999999998,-4.999999999999998,50,None,0.9999971961975098,0.9538680779933929
735,4.300000000000001,-5.699999999999999,7,Hero,0.9999988930565971,0.6644106060266495
736,-4.999999999999998,-4.999999999999998,50,None,0.9955323755741119,0.9824272364377975
737,-4.999999999999998,-4.999999999999998,50,None,0.9999910140037537,0.9748281913809478
738,-4.999999999999998,-4.999999999999998,50,None,0.9999220204353333,0.9963947415351868
739,-4.999999999999998,-4.999999999999998,50,None,0.9993212640285491,0.9969014310836792
740,-4.999999999999998,-4.999999999999998,50,None,0.9999993991851807,0.8150729030510411
741,-4.999999999999998,-4.999999999999998,50,None,0.9994983637332916,0.96659991979599
742,-4.999999999999998,-4.999999999999998,50,None,0.9999676704406738,0.9699276250042022
743,-4.999999999999998,-4.999999999999998,50,None,0.9997862386703491,0.9554263611882925
744,-4.999999999999998,-4.999999999999998,50,None,0.9738285580277443,0.9325289045274258
745,-4.999999999999998,-4.999999999999998,50,None,0.9999162888526917,0.9910714721679688
746,4.7,-5.3,3,Hero,1.0,0.6830850938955942
747,-4.999999999999998,-4.999999999999998,50,None,0.9990640246868133,0.993139135837555
748,4.800000000000001,-5.199999999999999,2,Hero,0.9999995231628418,0.8955162167549133
749,-4.999999999999998,-4.999999999999998,50,None,0.9999939823150634,0.992907954454422
750,-4.999999999999998,-4.999999999999998,50,None,0.9999362325668335,0.9249439433589578
751,-4.999999999999998,-4.999999999999998,50,None,0.9999631619453431,0.9540261331573129
752,-4.999999999999998,-4.999999999999998,50,None,0.9999561071395874,0.996201924085617
753,-4.999999999999998,-4.999999999999998,50,None,0.9999547052383423,0.9951542282104492
754,-4.999999999999998,-4.999999999999998,50,None,0.9993512082099915,0.9819068187475204
755,-4.999999999999998,-4.999999999999998,50,None,0.9999942755699158,0.9447141726501286
756,-4.999999999999998,-4.999999999999998,50,None,0.9999481439590454,0.9512749768048525
757,-4.999999999999998,-4.999999999999998,50,None,0.9999166023731232,0.8967906966805458
758,4.300000000000001,-5.699999999999999,7,Hero,0.9999998978206089,0.738577161516462
759,-4.999999999999998,-4.999999999999998,50,None,0.9999963450431824,0.7815634885523468
760,-4.999999999999998,-4.999999999999998,50,None,0.9997455906867981,0.9976749837398529
761,-4.999999999999998,-4.999999999999998,50,None,0.9907811880111694,0.9228757816553116
762,-4.999999999999998,-4.999999999999998,50,None,0.9999502182006836,0.987689722776413
763,-4.999999999999998,-4.999999999999998,50,None,0.9999978160858154,0.8516572380904108
764,4.9,-5.1,1,Hero,0.9999998807907104,0.8602472543716431
765,-5.6,4.4,6,Villain,0.9986235400040945,0.8326790272452248
766,-4.999999999999998,-4.999999999999998,50,None,0.9999993896484375,0.7515338294208049
767,-4.999999999999998,-4.999999999999998,50,None,0.9999763178825378,0.7938075563311577
768,-4.999999999999998,-4.999999999999998,50,None,0.9997139954566956,0.89075842294842
769,-4.999999999999998,-4.999999999999998,50,None,0.9999990677833557,0.6665299972891807
770,-4.999999999999998,-4.999999999999998,50,None,0.9995663809776306,0.8124214704334736
771,-4.999999999999998,-4.999999999999998,50,None,0.9993282866477966,0.9283548340201377
772,-4.999999999999998,-4.999999999999998,50,None,0.9999995231628418,0.6445377610251307
773,-4.999999999999998,-4.999999999999998,50,None,0.9994491147994995,0.8042785699665547
774,-4.999999999999998,-4.999999999999998,50,None,0.9975208973884583,0.7952588105201721
775,-4.999999999999998,-4.999999999999998,50,None,0.9999506211280823,0.7075493422150612
776,-4.999999999999998,-4.999999999999998,50,None,0.9999994802474975,0.6636124555394054
777,-4.999999999999998,-4.999999999999998,50,None,0.999134932756424,0.8837243873625994
778,-4.999999999999998,-4.999999999999998,50,None,0.9992875969409942,0.8707103481888772
779,-4.999999999999998,-4.999999999999998,50,None,0.9999406599998474,0.7905639779567718
780,-4.999999999999998,-4.999999999999998,50,None,0.9999970626831055,0.6312806323170662
781,-4.999999999999998,-4.999999999999998,50,None,0.9999921083450317,0.771682680286467
782,-4.999999999999998,-4.999999999999998,50,None,0.9787780048744753,0.9220427936315536
783,-4.999999999999998,-4.999999999999998,50,None,0.9999375772476197,0.8098008266091347
784,-4.999999999999998,-4.999999999999998,50,None,0.9998222887516022,0.8607663734257222
785,4.9,-5.1,1,Hero,1.0,0.2122218757867813
786,-4.999999999999998,-4.999999999999998,50,None,0.9999964833259583,0.638446562513709
787,-4.999999999999998,-4.999999999999998,50,None,0.998949294090271,0.798541148006916
788,-4.999999999999998,-4.999999999999998,50,None,0.9999967694282532,0.6419244418293237
789,-4.999999999999998,-4.999999999999998,50,None,0.9989503586292267,0.8041082400083542
790,-4.999999999999998,-4.999999999999998,50,None,0.999794420003891,0.7743471063673496
791,-4.999999999999998,-4.999999999999998,50,None,0.9996814703941346,0.842127465158701
792,-4.999999999999998,-4.999999999999998,50,None,0.9999958610534668,0.5985470812767744
793,-4.999999999999998,-4.999999999999998,50,None,0.9961814284324646,0.8803511703014374
794,-4.999999999999998,-4.999999999999998,50,None,0.9977253651618958,0.8848317566514016
795,-4.999999999999998,-4.999999999999998,50,None,0.9999843978881836,0.5996398521959782
796,4.300000000000001,-5.699999999999999,7,Hero,0.9999996083123344,0.7747895036424909
797,-4.999999999999998,-4.999999999999998,50,None,0.9999488437175751,0.6109421633929014
798,-4.999999999999998,-4.999999999999998,50,None,0.9999991798400879,0.49744075566530227
799,-4.999999999999998,-4.999999999999998,50,None,0.999999098777771,0.4192704126238823
800,-4.999999999999998,-4.999999999999998,50,None,0.9999072980880738,0.6999944182299077
801,-4.999999999999998,-4.999999999999998,50,None,0.9999681234359741,0.6582233279943466
802,-4.999999999999998,-4.999999999999998,50,None,0.999820214509964,0.7328860503435135
803,-4.999999999999998,-4.999999999999998,50,None,0.9989356434345246,0.7171584686485585
804,-4.999999999999998,-4.999999999999998,50,None,0.999496603012085,0.7501132859289646
805,4.1000000000000005,-5.8999999999999995,9,Hero,0.9999996291266547,0.8033926784992218
806,-4.999999999999998,-4.999999999999998,50,None,0.9999960398674012,0.5330040463060141
807,-4.999999999999998,-4.999999999999998,50,None,0.9965385842323303,0.8471501210331916
808,4.6000000000000005,-5.3999999999999995,4,Hero,0.999999612569809,0.5327977873384953
809,-4.999999999999998,-4.999999999999998,50,None,0.9998558974266052,0.7901691347360611
810,-4.999999999999998,-4.999999999999998,50,None,0.9997437489032746,0.74427186653018
811,-4.999999999999998,-4.999999999999998,50,None,0.9999120426177979,0.7010733059048653
812,-4.999999999999998,-4.999999999999998,50,None,0.9999968194961548,0.5324629572033882
813,-4.999999999999998,-4.999999999999998,50,None,0.9997818195819854,0.7704081841930747
814,-4.999999999999998,-4.999999999999998,50,None,0.9999849557876587,0.614094826579094
815,-4.999999999999998,-4.999999999999998,50,None,0.9999482917785645,0.6588059725612402
816,-4.999999999999998,-4.999999999999998,50,None,0.9999680280685425,0.7332950302958489
817,-4.999999999999998,-4.999999999999998,50,None,0.9998220014572143,0.6441805896162986
818,-4.999999999999998,-4.999999999999998,50,None,0.9999991416931152,0.4588106206059456
819,-4.999999999999998,-4.999999999999998,50,None,0.999996964931488,0.5720069354772568
820,-4.999999999999998,-4.999999999999998,50,None,0.9993800568580627,0.7783045460283756
821,4.9,-5.1,1,Hero,0.9999996423721313,0.6350268721580505
822,-4.999999999999998,-4.999999999999998,50,None,0.9999176359176636,0.6831769669055938
823,-5.699999999999999,4.300000000000001,7,Villain,0.7973725730553269,0.6068595754248756
824,-4.999999999999998,-4.999999999999998,50,None,0.9999940848350525,0.5005392292153555
825,-4.999999999999998,-4.999999999999998,50,None,0.9999978375434876,0.4878484761714935
826,-6.0,4.0,10,Villain,0.9997518360614777,0.7616966318339109
827,-4.999999999999998,-4.999999999999998,50,None,0.9999239552021026,0.6603456521034241
828,4.6000000000000005,-5.3999999999999995,4,Hero,0.9999998211860657,0.7499488294124603
829,-4.999999999999998,-4.999999999999998,50,None,0.999999828338623,0.668805713802576
830,-5.8,4.2,8,Villain,0.9997800290584564,0.5132747069001198
831,-4.999999999999998,-4.999999999999998,50,None,0.9999997925758362,0.7530745931714773
832,4.2,-5.8,8,Hero,0.9999990165233612,0.8210440762341022
833,-4.999999999999998,-4.999999999999998,50,None,0.9999942135810852,0.775334267562721
834,-4.999999999999998,-4.999999999999998,50,None,0.9999987387657165,0.7350216935575008
835,-4.999999999999998,-4.999999999999998,50,None,0.9999994611740113,0.7799158257246017
836,-6.3999999999999995,3.6000000000000005,14,Villain,0.9998814165592194,0.5813884383865765
837,-5.6,4.4,6,Villain,0.9999969998995463,0.5220093230406443
838,-5.5,4.5,5,Villain,0.9999239444732666,0.637937393784523
839,-4.999999999999998,-4.999999999999998,50,None,0.9998369932174682,0.5133772271871567
840,-4.999999999999998,-4.999999999999998,50,None,0.9994361591339112,0.5922514355182648
841,-4.999999999999998,-4.999999999999998,50,None,0.9998642206192017,0.6199041005969047
842,-4.999999999999998,-4.999999999999998,50,None,0.9999935889244079,0.5161726659536362
843,-4.999999999999998,-4.999999999999998,50,None,0.9999643278121948,0.5663938692212105
844,4.800000000000001,-5.199999999999999,2,Hero,0.9999997615814209,0.841975212097168
845,-5.3,4.7,3,Villain,0.9999958674112955,0.6666679879029592
846,-4.999999999999998,-4.999999999999998,50,None,0.9999993467330932,0.5083935754746198
847,-4.999999999999998,-4.999999999999998,50,None,0.9999994111061096,0.5426038280129433
848,-4.999999999999998,-4.999999999999998,50,None,0.9780949093910749,0.9599879956245423
849,-4.999999999999998,-4.999999999999998,50,None,0.9999978232383728,0.672325670007558
850,-4.999999999999998,-4.999999999999998,50,None,0.9998304533958435,0.8438902546465397
851,-4.999999999999998,-4.999999999999998,50,None,0.9986565101146698,0.8183339869230986
852,-4.999999999999998,-4.999999999999998,50,None,0.9994918048381806,0.821717421784997
853,-4.999999999999998,-4.999999999999998,50,None,0.9999851870536804,0.8437711195647717
854,-4.999999999999998,-4.999999999999998,50,None,0.9999546885490418,0.9351543611288071
855,-4.999999999999998,-4.999999999999998,50,None,0.9792849063902395,0.953950587771833
856,-4.999999999999998,-4.999999999999998,50,None,0.9999945831298828,0.7671773616969585
857,-4.999999999999998,-4.999999999999998,50,None,0.9999900722503662,0.7886786614358425
858,-4.999999999999998,-4.999999999999998,50,None,0.9999891662597656,0.8797293192148209
859,-4.999999999999998,-4.999999999999998,50,None,0.999995629787445,0.7671713374555111
860,-4.999999999999998,-4.999999999999998,50,None,0.9999894571304321,0.7484759533405304
861,-4.999999999999998,-4.999999999999998,50,None,0.9993577599525452,0.9218822054192424
862,-4.999999999999998,-4.999999999999998,50,None,0.9999949240684509,0.8554092492163181
863,-4.999999999999998,-4.999999999999998,50,None,0.9999510335922241,0.8343615999817848
864,-4.999999999999998,-4.999999999999998,50,None,0.9999877452850342,0.782688248604536
865,-4.999999999999998,-4.999999999999998,50,None,0.9999964594841003,0.78912751711905
866,-4.999999999999998,-4.999999999999998,50,None,0.9961534285545349,0.8507737021893262
867,-4.999999999999998,-4.999999999999998,50,None,0.9998896503448487,0.7882504553347826
868,-4.999999999999998,-4.999999999999998,50,None,0.9996604323387146,0.9120149664580822
869,4.9,-5.1,1,Hero,0.9999994039535522,0.9842258095741272
870,-4.999999999999998,-4.999999999999998,50,None,0.9999896574020386,0.8236432199925184
871,-4.999999999999998,-4.999999999999998,50,None,0.9999906682968139,0.742823860347271
872,-5.1,4.9,1,Villain,0.9980212450027466,0.9605104327201843
873,-4.999999999999998,-4.999999999999998,50,None,0.9999872326850892,0.9171934454981238
874,-4.999999999999998,-4.999999999999998,50,None,0.9999667048454285,0.7707820169627666
875,-4.999999999999998,-4.999999999999998,50,None,0.9997268545627594,0.9624993643164634
876,-4.999999999999998,-4.999999999999998,50,None,0.9999965977668762,0.8684743719547987
877,-4.999999999999998,-4.999999999999998,50,None,0.9998966932296753,0.8328958840668201
878,-4.999999999999998,-4.999999999999998,50,None,0.9999958086013794,0.7881942500174045
879,-4.999999999999998,-4.999999999999998,50,None,0.9995562839508056,0.7678720342367887
880,-4.999999999999998,-4.999999999999998,50,None,0.9999910640716553,0.7083065040409565
881,-4.999999999999998,-4.999999999999998,50,None,0.9996823358535767,0.8742199566587806
882,-4.999999999999998,-4.999999999999998,50,None,0.9993031907081604,0.8281798332557082
883,-4.999999999999998,-4.999999999999998,50,None,0.9998978900909424,0.942309078797698
884,-4.999999999999998,-4.999999999999998,50,None,0.9999959349632264,0.9440692885220051
885,-4.999999999999998,-4.999999999999998,50,None,0.9986830484867096,0.9261353766918182
886,-4.999999999999998,-4.999999999999998,50,None,0.998658732175827,0.7672250264137983
887,-4.999999999999998,-4.999999999999998,50,None,0.9999965715408325,0.8717870271205902
888,-4.999999999999998,-4.999999999999998,50,None,0.9700693827914074,0.8148208974301815
889,-4.999999999999998,-4.999999999999998,50,None,0.9950598037242889,0.9018935158848762
890,-4.999999999999998,-4.999999999999998,50,None,0.9999798083305359,0.8302135728299618
891,-4.999999999999998,-4.999999999999998,50,None,0.9721708329208195,0.841203591376543
892,-4.999999999999998,-4.999999999999998,50,None,0.9999104905128479,0.8556832502782344
893,-4.999999999999998,-4.999999999999998,50,None,0.9999905252456665,0.7563549245893956
894,-4.999999999999998,-4.999999999999998,50,None,0.9002852187911049,0.7886925846338272
895,-4.999999999999998,-4.999999999999998,50,None,0.999838091135025,0.8069644427299499
896,-4.999999999999998,-4.999999999999998,50,None,0.9984357178211212,0.9126321601495146
897,-4.999999999999998,-4.999999999999998,50,None,0.9995316314697266,0.8016333630681038
898,-4.999999999999998,-4.999999999999998,50,None,0.9044272122904659,0.8876391879469157
899,-4.999999999999998,-4.999999999999998,50,None,0.9554397850111127,0.9829435348510742
900,-4.999999999999998,-4.999999999999998,50,None,0.9999213314056397,0.9041389896720647
901,4.9,-5.1,1,Hero,0.9999997615814209,0.8842976093292236
902,-4.999999999999998,-4.999999999999998,50,None,0.9878927409648895,0.7895734553039074
903,-4.999999999999998,-4.999999999999998,50,None,0.930022689178586,0.8084178548306227
904,4.800000000000001,-5.199999999999999,2,Hero,0.9999990463256836,0.8029011785984039
905,-4.999999999999998,-4.999999999999998,50,None,0.9999726009368897,0.7693269017338753
906,-5.3,4.7,3,Villain,0.7205614844957987,0.9968506097793579
907,-4.999999999999998,-4.999999999999998,50,None,0.9254358140192926,0.9671635286509991
908,-5.3999999999999995,4.6000000000000005,4,Villain,0.8697670102119446,0.950889840722084
909,-4.999999999999998,-4.999999999999998,50,None,0.9968404972553253,0.8295114631950855
910,4.5,-5.5,5,Hero,0.9999987602233886,0.8397303462028504
911,-4.999999999999998,-4.999999999999998,50,None,0.9971452379226684,0.8058398089557887
912,-4.999999999999998,-4.999999999999998,50,None,0.9999947142601013,0.8997016165405511
913,-4.999999999999998,-4.999999999999998,50,None,0.9999356102943421,0.8895605579763651
914,-4.999999999999998,-4.999999999999998,50,None,0.9998936259746551,0.7912452263385057
915,-4.999999999999998,-4.999999999999998,50,None,0.9999417853355408,0.8006985150277615
916,-4.999999999999998,-4.999999999999998,50,None,0.9999145078659057,0.7581746789813042
917,-4.999999999999998,-4.999999999999998,50,None,0.9999352955818176,0.9632967984676362
918,-4.999999999999998,-4.999999999999998,50,None,0.9999794840812684,0.8538203501701355
919,-4.999999999999998,-4.999999999999998,50,None,0.9924832582473755,0.8685948222875595
920,-5.8,4.2,8,Villain,0.9861042127013206,0.9987785294651985
921,-4.999999999999998,-4.999999999999998,50,None,0.999907637834549,0.778690570294857
922,-5.3,4.7,3,Villain,0.9930877884229025,0.9976779222488403
923,-4.999999999999998,-4.999999999999998,50,None,0.9958593630790711,0.8885087817534805
924,-4.999999999999998,-4.999999999999998,50,None,0.998703202009201,0.8405525025725364
925,-4.999999999999998,-4.999999999999998,50,None,0.9999936866760254,0.6554952988028526
926,-4.999999999999998,-4.999999999999998,50,None,0.9978703200817108,0.9570841174572706
927,-4.999999999999998,-4.999999999999998,50,None,0.999891129732132,0.7817783243209123
928,-4.999999999999998,-4.999999999999998,50,None,0.8814191916212439,0.8564671687781811
929,-4.999999999999998,-4.999999999999998,50,None,0.999760330915451,0.786649396121502
930,-5.3,4.7,3,Villain,0.9000588258107504,0.7484116752942404
931,4.1000000000000005,-5.8999999999999995,9,Hero,0.9999998807907104,0.7292386889457703
932,-4.999999999999998,-4.999999999999998,50,None,0.9999786925315857,0.715762015581131
933,4.5,-5.5,5,Hero,0.999998927116394,0.5078922629356384
934,-4.999999999999998,-4.999999999999998,50,None,0.9998179268836975,0.7831473399698734
935,-4.999999999999998,-4.999999999999998,50,None,0.9999627017974854,0.8150743001699448
936,-4.999999999999998,-4.999999999999998,50,None,0.9983106875419616,0.8907221053540707
937,-4.999999999999998,-4.999999999999998,50,None,0.9938483047485351,0.8029556453227997
938,-4.999999999999998,-4.999999999999998,50,None,0.9070960173010826,0.9105516961216926
939,-4.999999999999998,-4.999999999999998,50,None,0.9981057465076446,0.9111236257106066
940,4.7,-5.3,3,Hero,0.9999523560206095,0.8603621125221252
941,-4.999999999999998,-4.999999999999998,50,None,0.892644833624363,0.9712150438129902
942,4.2,-5.8,8,Hero,0.9999964833259583,0.532691509462893
943,-4.999999999999998,-4.999999999999998,50,None,0.9995359015464783,0.89992562815547
944,-4.999999999999998,-4.999999999999998,50,None,0.971458250284195,0.8417254396528006
945,-4.999999999999998,-4.999999999999998,50,None,0.9339563327375799,0.9445975097641349
946,-4.999999999999998,-4.999999999999998,50,None,0.9999232006072998,0.6974442314356566
947,-4.999999999999998,-4.999999999999998,50,None,0.9985676443576813,0.8822085674107075
948,-4.999999999999998,-4.999999999999998,50,None,0.982224395275116,0.8290330569446087
949,-4.999999999999998,-4.999999999999998,50,None,0.9937178361415863,0.8221564825624228
950,-4.999999999999998,-4.999999999999998,50,None,0.9357634421437979,0.9845842063426972
951,-4.999999999999998,-4.999999999999998,50,None,0.9904658198356628,0.8681469788774848
952,-4.999999999999998,-4.999999999999998,50,None,0.7975536653678864,0.9336771815270185
953,-4.999999999999998,-4.999999999999998,50,None,0.9534209700603969,0.9533716628700495
954,-4.999999999999998,-4.999999999999998,50,None,0.9043824940547347,0.9231630375981331
955,-4.999999999999998,-4.999999999999998,50,None,0.9422803479805588,0.9912150549888611
956,4.7,-5.3,3,Hero,0.9999936819076538,0.5159728527069092
957,4.9,-5.1,1,Hero,0.9999990463256836,0.8594166040420532
958,-4.999999999999998,-4.999999999999998,50,None,0.8773396139591932,0.862932276725769
959,-4.999999999999998,-4.999999999999998,50,None,0.7680184543132782,0.922706086486578
960,-5.5,4.5,5,Villain,0.9610881567001343,0.997783875465393
961,4.9,-5.1,1,Hero,0.999990701675415,0.9840829968452454
962,-4.999999999999998,-4.999999999999998,50,None,0.9958852577209473,0.8531909681111575
963,-4.999999999999998,-4.999999999999998,50,None,0.9709214470442384,0.9145126730948686
964,-4.999999999999998,-4.999999999999998,50,None,0.9879197573661804,0.9267886716499925
965,-4.999999999999998,-4.999999999999998,50,None,0.8846779949963093,0.91263860873878
966,-4.999999999999998,-4.999999999999998,50,None,0.983660945892334,0.8515852570533753
967,-4.999999999999998,-4.999999999999998,50,None,0.9038586881011724,0.8160687497258187
968,-4.999999999999998,-4.999999999999998,50,None,0.6827110517024993,0.93316820230335
969,-4.999999999999998,-4.999999999999998,50,None,0.8033323969691992,0.5938922794163227
970,-4.999999999999998,-4.999999999999998,50,None,0.914145467095077,0.8157992434501647
971,-4.999999999999998,-4.999999999999998,50,None,0.661434074640274,0.8726885563135147
972,-4.999999999999998,-4.999999999999998,50,None,0.7525502255558968,0.7727456111460924
973,-4.999999999999998,-4.999999999999998,50,None,0.7767932163178921,0.8540496630966663
974,-4.999999999999998,-4.999999999999998,50,None,0.9966977047920227,0.7696791505254805
975,-4.999999999999998,-4.999999999999998,50,None,0.6539297115802765,0.7898225569725037
976,-4.999999999999998,-4.999999999999998,50,None,0.6865914964675903,0.9454579798132181
977,-4.999999999999998,-4.999999999999998,50,None,0.6414751265943051,0.7918919747322798
978,-4.999999999999998,-4.999999999999998,50,None,0.7260798617242835,0.8064306700229644
979,-4.999999999999998,-4.999999999999998,50,None,0.7642857065796852,0.7908527632057667
980,-4.999999999999998,-4.999999999999998,50,None,0.6508848015964032,0.6943261282984168
981,-8.0,1.9999999999999991,30,Villain,0.8370635271072387,0.6268568115929762
982,-4.999999999999998,-4.999999999999998,50,None,0.9999818801879883,0.9727408182621002
983,-4.999999999999998,-4.999999999999998,50,None,0.7636213263869286,0.6982051511853933
984,-4.999999999999998,-4.999999999999998,50,None,0.8386756088305265,0.5896125529706479
985,4.1000000000000005,-5.8999999999999995,9,Hero,0.9839227795600891,0.5994108472433355
986,-4.999999999999998,-4.999999999999998,50,None,0.7517223739624024,0.618181162327528
987,-4.999999999999998,-4.999999999999998,50,None,0.9774507910339162,0.7327876318991184
988,-4.999999999999998,-4.999999999999998,50,None,0.8325437116622925,0.5260939671099186
989,-4.999999999999998,-4.999999999999998,50,None,0.8285491801798344,0.5729902587831021
990,-4.999999999999998,-4.999999999999998,50,None,0.7666992757469415,0.5630085395649076
991,-4.999999999999998,-4.999999999999998,50,None,0.7039293155050836,0.5064870451390743
992,-4.999999999999998,-4.999999999999998,50,None,0.6385282143950463,0.5518124538846314
993,-4.999999999999998,-4.999999999999998,50,None,0.887850039168261,0.5229955891240388
994,-4.999999999999998,-4.999999999999998,50,None,0.7505060799047351,0.627577094361186
995,-4.999999999999998,-4.999999999999998,50,None,0.7047418144345283,0.532958390954882
996,-6.3999999999999995,3.6000000000000005,14,Villain,0.9491404592990875,0.5640475494521004
997,-4.999999999999998,-4.999999999999998,50,None,0.73932413905859,0.4645383360981941
998,-5.1,4.9,1,Villain,0.9999897480010986,0.9970812201499939
999,-4.999999999999998,-4.999999999999998,50,None,0.6794795615971089,0.5977658911794425
1000,-5.1,4.9,1,Villain,0.9981845021247864,0.8922575116157532
