episode,hero_reward,villain_reward,steps,winner,hero_avg_prob,villain_avg_prob
1,-4.999999999999998,-4.999999999999998,50,None,0.4838968384452164,0.5266233266890049
2,-11.4,8.6,14,Villain,0.6746245484266963,0.39993854851594995
3,6.499999999999998,-13.500000000000002,35,Hero,0.3496072526488985,0.7180554132110306
4,6.899999999999999,-13.100000000000001,31,Hero,0.36854018931907995,0.48828814701447565
5,-4.999999999999998,-4.999999999999998,50,None,0.3510978851467371,0.6353732377290726
6,8.1,-11.9,19,Hero,0.38937446308371265,0.6401939658742202
7,7.8,-12.2,22,Hero,0.39615496612069284,0.8715384257110682
8,8.1,-11.9,19,Hero,0.53030033174314,0.6694582014491683
9,8.0,-12.0,20,Hero,0.548272705078125,0.7724822871387005
10,9.1,-10.9,9,Hero,0.43158817787965137,0.8260679389867518
11,-10.7,9.3,7,Villain,0.6377902669566018,0.907987117767334
12,8.2,-11.8,18,Hero,0.482262655471762,0.8784542462478081
13,8.3,-11.7,17,Hero,0.5456031614585835,0.7860278577050742
14,-11.0,9.0,10,Villain,0.5523570654448122,0.9918082177639007
15,9.5,-10.5,5,Hero,0.5122330665588379,0.978457260131836
16,8.5,-11.5,15,Hero,0.5599290867646535,0.9808832287788392
17,7.8,-12.2,22,Hero,0.49524615705013275,0.9397447491011751
18,9.0,-11.0,10,Hero,0.6539016455411911,0.9899996280670166
19,-10.6,9.4,6,Villain,0.5142707228660583,0.9967523713906606
20,-11.6,8.4,16,Villain,0.4918988880235702,0.9292512003885349
21,-10.1,9.9,1,Villain,0.7863401770591736,0.9990097284317017
22,9.8,-10.2,2,Hero,0.5086747594177723,0.972281813621521
23,-11.9,8.1,19,Villain,0.5128404168706191,0.8805646533636671
24,8.9,-11.1,11,Hero,0.4982255534692244,0.9693677858872847
25,9.4,-10.6,6,Hero,0.904757966597875,0.9843016465504965
26,9.4,-10.6,6,Hero,0.5329603850841522,0.9970989028612772
27,8.6,-11.4,14,Hero,0.5446902960538864,0.9815409736973899
28,-10.7,9.3,7,Villain,0.5818230339459011,0.997033315045493
29,9.4,-10.6,6,Hero,0.5820998599131902,0.9952816069126129
30,8.6,-11.4,14,Hero,0.5645019321569374,0.8479531988767641
31,-11.1,8.9,11,Villain,0.6290671540932222,0.9812717654488303
32,9.9,-10.1,1,Hero,0.6827178001403809,0.9839157462120056
33,8.6,-11.4,14,Hero,0.5504862815141678,0.8367065497274909
34,9.1,-10.9,9,Hero,0.491419706079695,0.8866760599970197
35,8.5,-11.5,15,Hero,0.562943963209788,0.9986260215441386
36,9.700000000000001,-10.299999999999999,3,Hero,0.5744436383247375,0.9945968190828959
37,-11.9,8.1,19,Villain,0.6100927559952987,0.9207894537646911
38,-11.1,8.9,11,Villain,0.6232851946895773,0.9799894473769448
39,9.8,-10.2,2,Hero,0.9721912145614624,0.9980931282043457
40,-10.6,9.4,6,Villain,0.7009358505407969,0.9953195651372274
41,8.700000000000001,-11.299999999999999,13,Hero,0.6351630171904197,0.9115721291074386
42,9.8,-10.2,2,Hero,0.5352049469947815,0.9936708807945251
43,9.1,-10.9,9,Hero,0.8643529564142227,0.7262191519969039
44,8.9,-11.1,11,Hero,0.5210713324221697,0.9334748712452975
45,8.5,-11.5,15,Hero,0.5225250542163848,0.9934420347213745
46,8.9,-11.1,11,Hero,0.6872536580670964,0.9954097325151617
47,7.5,-12.5,25,Hero,0.6228064423799515,0.9983330893516541
48,9.200000000000001,-10.799999999999999,8,Hero,0.6714295707643032,0.9926739931106567
49,9.700000000000001,-10.299999999999999,3,Hero,0.6430087586243948,0.9907275835673014
50,-11.8,8.2,18,Villain,0.5303014864524206,0.9976150327258639
51,9.4,-10.6,6,Hero,0.6731744507948557,0.9720808466275533
52,8.8,-11.2,12,Hero,0.5728807399670283,0.9939515044291815
53,-11.299999999999999,8.700000000000001,13,Villain,0.5677088957566482,0.9123241556629252
54,8.700000000000001,-11.299999999999999,13,Hero,0.6862283578285804,0.9593819884153513
55,9.3,-10.7,7,Hero,0.605601600238255,0.9832609125546047
56,8.700000000000001,-11.299999999999999,13,Hero,0.5622850312636449,0.9937538229502164
57,9.0,-11.0,10,Hero,0.8108679220080376,0.9740117907524108
58,9.6,-10.4,4,Hero,0.5255494266748428,0.998429074883461
59,9.200000000000001,-10.799999999999999,8,Hero,0.5589249096810818,0.9707844108343124
60,9.1,-10.9,9,Hero,0.7556963562965393,0.9965120355288187
61,8.4,-11.6,16,Hero,0.5805228017270565,0.9753790013492107
62,8.0,-12.0,20,Hero,0.5376148708164692,0.9749193489551544
63,8.5,-11.5,15,Hero,0.6856306185324986,0.999226450920105
64,9.200000000000001,-10.799999999999999,8,Hero,0.7436815053224564,0.9872256815433502
65,8.8,-11.2,12,Hero,0.5429365138212839,0.969429150223732
66,9.6,-10.4,4,Hero,0.9382811188697815,0.9969938695430756
67,-10.799999999999999,9.200000000000001,8,Villain,0.6123754531145096,0.997496634721756
68,7.8,-12.2,22,Hero,0.5849863487211141,0.9945476082238284
69,8.3,-11.7,17,Hero,0.7102960540967829,0.9943886294084436
70,-11.299999999999999,8.700000000000001,13,Villain,0.5518762503678982,0.9871095694028414
71,-11.1,8.9,11,Villain,0.6429893909530207,0.9993456276980314
72,9.200000000000001,-10.799999999999999,8,Hero,0.8479961529374123,0.9775397628545761
73,7.699999999999999,-12.3,23,Hero,0.6113411176787771,0.9989950760551121
74,9.200000000000001,-10.799999999999999,8,Hero,0.6488988436758518,0.9991257637739182
75,9.5,-10.5,5,Hero,0.9845328569412232,0.9969570159912109
76,8.700000000000001,-11.299999999999999,13,Hero,0.6819783059450296,0.9958053139539865
77,8.6,-11.4,14,Hero,0.6117653399705887,0.9990408335413251
78,8.9,-11.1,11,Hero,0.5462631813504479,0.9995937455784191
79,8.8,-11.2,12,Hero,0.7375915348529816,0.9989042480786642
80,9.200000000000001,-10.799999999999999,8,Hero,0.533794317394495,0.9996576458215714
81,8.3,-11.7,17,Hero,0.6141813344815198,0.9986698452164146
82,7.9,-12.1,21,Hero,0.5446267456614545,0.9882577118419466
83,9.200000000000001,-10.799999999999999,8,Hero,0.686060294508934,0.9952143132686615
84,8.1,-11.9,19,Hero,0.67433399981574,0.9996881861435739
85,8.0,-12.0,20,Hero,0.7033232122659683,0.9888687849044799
86,8.9,-11.1,11,Hero,0.5841471363197673,0.9976860826665704
87,9.4,-10.6,6,Hero,0.994198719660441,0.9999324679374695
88,8.2,-11.8,18,Hero,0.5680766072538164,0.9994314346048567
89,9.4,-10.6,6,Hero,0.5163402135173479,0.9994821151097616
90,9.1,-10.9,9,Hero,0.5367220242818197,0.9959873557090759
91,8.9,-11.1,11,Hero,0.5994232947176154,0.9991072903979908
92,8.8,-11.2,12,Hero,0.8635637710491816,0.9999086856842041
93,9.0,-11.0,10,Hero,0.779659002367407,0.9999321520328521
94,9.5,-10.5,5,Hero,0.7241252601146698,0.9998507499694824
95,9.3,-10.7,7,Hero,0.7584751376083919,0.9999427965709141
96,9.1,-10.9,9,Hero,0.9240051574177213,0.9992799494001601
97,8.700000000000001,-11.299999999999999,13,Hero,0.5783644845852485,0.9998244826610272
98,8.3,-11.7,17,Hero,0.7335793906274963,0.9999075181343976
99,8.700000000000001,-11.299999999999999,13,Hero,0.6946684832756336,0.9993498371197627
100,-10.2,9.8,2,Villain,0.9971562922000885,0.9998932480812073
101,8.700000000000001,-11.299999999999999,13,Hero,0.6246435183745164,0.9999207441623394
102,8.8,-11.2,12,Hero,0.5891739328702291,0.9996913174788157
103,9.5,-10.5,5,Hero,0.7818803250789642,0.9999902963638305
104,9.1,-10.9,9,Hero,0.6897534496254392,0.999885618686676
105,9.3,-10.7,7,Hero,0.6188790585313525,0.9999841281345913
106,7.5,-12.5,25,Hero,0.6948559921979904,0.9999399781227112
107,9.0,-11.0,10,Hero,0.803038728237152,0.8980630723759532
108,-11.6,8.4,16,Villain,0.6580353379249573,0.9999294988811016
109,9.1,-10.9,9,Hero,0.7536792423990037,0.9989712370766534
110,7.9,-12.1,21,Hero,0.7878852358886174,0.9999587734540304
111,9.0,-11.0,10,Hero,0.8106972955167293,0.8994724341202527
112,9.1,-10.9,9,Hero,0.8935515350765653,0.9983763363626268
113,8.3,-11.7,17,Hero,0.6367153981152702,0.9883576982161578
114,9.3,-10.7,7,Hero,0.7737609403473991,0.9997016021183559
115,-11.0,9.0,10,Villain,0.5805320262908935,0.9993151605129242
116,8.5,-11.5,15,Hero,0.5978986362616221,0.9997280915578206
117,9.700000000000001,-10.299999999999999,3,Hero,0.39649247129758197,0.999954104423523
118,7.9,-12.1,21,Hero,0.719456882703872,0.9996950229008993
119,9.6,-10.4,4,Hero,0.6405003741383553,0.9996069371700287
120,8.8,-11.2,12,Hero,0.8090001046657562,0.9999430477619171
121,-11.0,9.0,10,Villain,0.8931785881519317,0.9996226012706757
122,8.6,-11.4,14,Hero,0.6028164997696877,0.9982481598854065
123,8.3,-11.7,17,Hero,0.6332562600865084,0.9669896434335148
124,8.9,-11.1,11,Hero,0.8080499009652571,0.9998488642952659
125,8.6,-11.4,14,Hero,0.6619516121489661,0.9977347425052098
126,9.3,-10.7,7,Hero,0.7552981930119651,0.9999503408159528
127,-10.9,9.1,9,Villain,0.7864919006824493,0.9999642901950412
128,8.1,-11.9,19,Hero,0.672292779150762,0.9976755255147031
129,9.1,-10.9,9,Hero,0.7550623549355401,0.9947550694147745
130,9.6,-10.4,4,Hero,0.5295449290424585,0.998903676867485
131,8.4,-11.6,16,Hero,0.7384192710742354,0.9983619228005409
132,9.200000000000001,-10.799999999999999,8,Hero,0.7036300078034401,0.9998657628893852
133,9.1,-10.9,9,Hero,0.8999796675311195,0.9999797609117296
134,8.9,-11.1,11,Hero,0.8207650889049877,0.9885874878276478
135,9.200000000000001,-10.799999999999999,8,Hero,0.6750673539936543,0.9999732375144958
136,9.3,-10.7,7,Hero,0.8305937732969012,0.9999272738184247
137,9.700000000000001,-10.299999999999999,3,Hero,0.968170166015625,0.9998393058776855
138,9.1,-10.9,9,Hero,0.5989598565631442,0.9999986622068617
139,9.5,-10.5,5,Hero,0.6603840887546539,0.999999213218689
140,8.8,-11.2,12,Hero,0.6841507976253828,0.9999940693378448
141,8.2,-11.8,18,Hero,0.6526263472106721,0.9386054370552301
142,8.6,-11.4,14,Hero,0.7611743020159858,0.9999982714653015
143,9.200000000000001,-10.799999999999999,8,Hero,0.9836341366171837,0.9999950528144836
144,8.700000000000001,-11.299999999999999,13,Hero,0.7456078598132501,0.9998991351861221
145,9.9,-10.1,1,Hero,0.8441736698150635,0.9999992847442627
146,9.1,-10.9,9,Hero,0.6769876124130355,0.9998933474222819
147,9.700000000000001,-10.299999999999999,3,Hero,0.7159886360168457,0.9999591906865438
148,8.700000000000001,-11.299999999999999,13,Hero,0.7439907766305484,0.9934876148517315
149,9.5,-10.5,5,Hero,0.6704855509102344,0.9999998092651368
150,9.8,-10.2,2,Hero,0.869098424911499,0.9999995231628418
151,9.3,-10.7,7,Hero,0.6953917677913394,1.0
152,9.1,-10.9,9,Hero,0.8679468383391699,0.9993114007843865
153,9.0,-11.0,10,Hero,0.680044236779213,0.9999031007289887
154,9.1,-10.9,9,Hero,0.6483118467860751,0.9998873405986362
155,9.6,-10.4,4,Hero,0.5828449353575706,0.9999950528144836
156,9.5,-10.5,5,Hero,0.8605446994304657,0.9999999523162841
157,-10.2,9.8,2,Villain,0.6993739902973175,1.0
158,9.1,-10.9,9,Hero,0.7593454983499315,0.999792132112715
159,9.6,-10.4,4,Hero,0.9987917542457581,1.0
160,-10.6,9.4,6,Villain,0.962659607330958,0.999999980131785
161,-10.9,9.1,9,Villain,0.9079401691754659,0.9999981588787503
162,8.9,-11.1,11,Hero,0.6661453951488842,0.9999919046055187
163,-10.6,9.4,6,Villain,0.7924517343441645,0.9999996423721313
164,8.3,-11.7,17,Hero,0.6882651755038429,0.9999688127461601
165,8.0,-12.0,20,Hero,0.740632277727127,0.9999995648860931
166,8.2,-11.8,18,Hero,0.7596781849861145,0.9994167188803355
167,-11.9,8.1,19,Villain,0.7814833412044927,1.0
168,-4.999999999999998,-4.999999999999998,50,None,0.9116799189895392,0.9999999976158143
169,9.8,-10.2,2,Hero,0.9977147579193115,1.0
170,7.5,-12.5,25,Hero,0.6938650593161583,0.9999681663513184
171,-4.999999999999998,-4.999999999999998,50,None,0.9945215010643005,1.0
172,-11.9,8.1,19,Villain,0.7066259148873781,0.999752474458594
173,5.5,-14.5,45,Hero,0.8354024546013938,0.9999999258253309
174,7.299999999999999,-12.700000000000001,27,Hero,0.8849936904454673,0.9999987549251981
175,-4.999999999999998,-4.999999999999998,50,None,0.9823645353317261,1.0
176,-4.999999999999998,-4.999999999999998,50,None,0.8927069699764252,0.9994600009918213
177,6.999999999999999,-13.0,30,Hero,0.8173113351066907,0.999999996026357
178,7.699999999999999,-12.3,23,Hero,0.7643119883926018,0.9999943453332653
179,-13.500000000000002,6.499999999999998,35,Villain,0.8343093154685838,0.9999985388347081
180,8.700000000000001,-11.299999999999999,13,Hero,0.6935403943061829,0.999997826722952
181,7.6,-12.4,24,Hero,0.6501229175676903,0.9997240354617437
182,8.1,-11.9,19,Hero,0.7305648338637853,0.9999852149110091
183,-4.999999999999998,-4.999999999999998,50,None,0.9522542986646294,0.9999998307228088
184,-4.999999999999998,-4.999999999999998,50,None,0.8449572606384754,0.9999989104270935
185,6.799999999999999,-13.200000000000001,32,Hero,0.8532096949638799,0.9999958164989948
186,7.8,-12.2,22,Hero,0.8830828844484958,0.9999997290697965
187,-14.6,5.4,46,Villain,0.8940152014889147,0.9999909673048102
188,-11.2,8.8,12,Villain,0.5751830525696278,0.9996553411086401
189,9.3,-10.7,7,Hero,0.9999103631292071,0.9999992336545672
190,8.9,-11.1,11,Hero,0.7428164346651598,0.9999575831673362
191,-12.9,7.1,29,Villain,0.8509886876262468,0.9999998314627285
192,9.6,-10.4,4,Hero,0.9973709434270859,0.999904528260231
193,-10.5,9.5,5,Villain,0.6340713918209075,0.9999943494796752
194,9.200000000000001,-10.799999999999999,8,Hero,0.6278364844620228,0.9990650564432144
195,9.0,-11.0,10,Hero,0.7838668137788772,0.999722683429718
196,8.9,-11.1,11,Hero,0.7526031353256919,0.9999953616749157
197,7.5,-12.5,25,Hero,0.753811768591404,0.9999111199378967
198,8.9,-11.1,11,Hero,0.600047851150686,0.999895144592632
199,8.6,-11.4,14,Hero,0.7736204072300877,0.9999822548457554
200,-13.400000000000002,6.599999999999999,34,Villain,0.8088504989795825,0.9999970092492945
201,9.9,-10.1,1,Hero,0.9985255599021912,0.9999803304672241
202,8.1,-11.9,19,Hero,0.8571241156835305,0.9999997804039403
203,-11.1,8.9,11,Villain,0.6818667325106534,0.9998831911520525
204,9.200000000000001,-10.799999999999999,8,Hero,0.6894599385559559,0.9988196939229965
205,9.700000000000001,-10.299999999999999,3,Hero,0.9796541134516398,0.9999965031941732
206,-11.1,8.9,11,Villain,0.6878135204315186,0.9999999674883756
207,9.700000000000001,-10.299999999999999,3,Hero,0.996206521987915,0.99973064661026
208,9.4,-10.6,6,Hero,0.49739670753479004,0.9999996423721313
209,9.1,-10.9,9,Hero,0.6745476159784529,0.9999867412779067
210,-11.7,8.3,17,Villain,0.6742967822972465,0.9999995652367087
211,9.5,-10.5,5,Hero,0.7790309488773346,0.9999672174453735
212,8.4,-11.6,16,Hero,0.6735363863408566,0.9983177557587624
213,-10.7,9.3,7,Villain,0.9998145614351545,0.9999996253422329
214,8.8,-11.2,12,Hero,0.768794558942318,0.999982625246048
215,-10.4,9.6,4,Villain,0.7001502811908722,0.999998927116394
216,7.9,-12.1,21,Hero,0.9411899848353296,0.999999653725397
217,-4.999999999999998,-4.999999999999998,50,None,0.959069505110383,0.9999999761581421
218,9.8,-10.2,2,Hero,0.9879789650440216,0.9999935030937195
219,8.3,-11.7,17,Hero,0.6424301415681839,0.999495292411131
220,9.4,-10.6,6,Hero,0.8890770872433981,0.999998927116394
221,8.0,-12.0,20,Hero,0.6708392657339572,0.9999953806400299
222,-11.2,8.8,12,Villain,0.6907636870940527,0.9999983012676239
223,9.3,-10.7,7,Hero,0.8148252836295536,0.9999680519104004
224,8.9,-11.1,11,Hero,0.6915910555557772,0.9997524998404763
225,8.9,-11.1,11,Hero,0.7464020170948722,0.9998279809951782
226,9.5,-10.5,5,Hero,0.6259846299886703,0.9999974727630615
227,-10.6,9.4,6,Villain,0.8031402255098025,0.999999483426412
228,9.4,-10.6,6,Hero,0.7967096169789633,0.9999841650327047
229,9.0,-11.0,10,Hero,0.6998701840639114,0.9999901533126831
230,9.1,-10.9,9,Hero,0.7031614234050115,0.9999272624651591
231,9.3,-10.7,7,Hero,0.648445372070585,0.9999801090785435
232,8.9,-11.1,11,Hero,0.7484815662557428,0.9999856732108376
233,-10.9,9.1,9,Villain,0.6028192059861289,0.9998121195369296
234,8.3,-11.7,17,Hero,0.6678745512138394,0.9995587327901054
235,8.2,-11.8,18,Hero,0.6460227088795768,0.999938170115153
236,9.5,-10.5,5,Hero,0.6886153221130371,0.9998366951942443
237,9.4,-10.6,6,Hero,0.9857849379380544,0.9999952514966329
238,9.8,-10.2,2,Hero,0.5451838225126266,0.9999432563781738
239,9.5,-10.5,5,Hero,0.5903984621167183,0.999998664855957
240,8.9,-11.1,11,Hero,0.6758506921204653,0.999997388232838
241,8.9,-11.1,11,Hero,0.822895194996487,0.9999863667921587
242,9.9,-10.1,1,Hero,0.997831404209137,0.9999995231628418
243,-10.5,9.5,5,Villain,0.7805346131324769,0.9999995708465577
244,9.3,-10.7,7,Hero,0.7688416498047965,0.9998859763145447
245,8.8,-11.2,12,Hero,0.7827496081590652,0.9999925096829733
246,-11.6,8.4,16,Villain,0.6384560707956553,0.9999948889017105
247,9.0,-11.0,10,Hero,0.7299360287375748,0.9999931454658508
248,9.4,-10.6,6,Hero,0.9970405797163645,0.9999998609224955
249,9.0,-11.0,10,Hero,0.8051555637270212,0.9998985409736634
250,8.700000000000001,-11.299999999999999,13,Hero,0.827640916292484,0.9998767788593586
251,9.200000000000001,-10.799999999999999,8,Hero,0.6724356934428215,0.9999964535236359
252,8.5,-11.5,15,Hero,0.7594883779684702,0.9999886989593506
253,8.8,-11.2,12,Hero,0.7183752382795016,0.9997601608435313
254,-4.999999999999998,-4.999999999999998,50,None,0.8937247468531132,0.9999997043609619
255,-11.0,9.0,10,Villain,0.7882555723190308,0.9999995112419129
256,8.5,-11.5,15,Hero,0.6876793573300044,0.9994246641794841
257,9.5,-10.5,5,Hero,0.9988912105560303,0.9999999523162841
258,9.4,-10.6,6,Hero,0.5402608091632525,0.9999996026357015
259,7.8,-12.2,22,Hero,0.7870337482203137,1.0
260,9.3,-10.7,7,Hero,0.7050272162471499,0.9999996764319283
261,-10.1,9.9,1,Villain,0.999967098236084,0.9948105812072754
262,-4.999999999999998,-4.999999999999998,50,None,0.8182156024873257,0.9999965119361878
263,9.4,-10.6,6,Hero,0.9983691076437632,0.9999997417132059
264,9.3,-10.7,7,Hero,0.9987761207989284,1.0
265,9.5,-10.5,5,Hero,0.6465547919273377,0.9999998807907104
266,9.200000000000001,-10.799999999999999,8,Hero,0.7591189127415419,0.9998431950807571
267,-14.4,5.6,44,Villain,0.8076528881422498,0.9999989189884879
268,9.3,-10.7,7,Hero,0.9187357085091727,0.9999961853027344
269,9.4,-10.6,6,Hero,0.960247814655304,0.9999843239784241
270,9.3,-10.7,7,Hero,0.9999233654567173,1.0
271,-4.999999999999998,-4.999999999999998,50,None,0.9990891873836517,0.9999999952316284
272,9.8,-10.2,2,Hero,0.714777022600174,0.9999999403953552
273,-11.4,8.6,14,Villain,0.5869010394173009,0.9999999829701015
274,9.5,-10.5,5,Hero,0.9704985976219177,0.9999999284744263
275,8.8,-11.2,12,Hero,0.8198265017320713,1.0
276,9.5,-10.5,5,Hero,0.9829281449317933,0.9999999046325684
277,9.6,-10.4,4,Hero,0.8010098673403263,0.9999972879886627
278,8.6,-11.4,14,Hero,0.7328645874347005,0.9998645654746464
279,-10.6,9.4,6,Villain,0.8248239929477373,0.9999998807907104
280,9.1,-10.9,9,Hero,0.7476227382818857,0.999998516506619
281,-11.0,9.0,10,Villain,0.6804356575012207,1.0
282,9.1,-10.9,9,Hero,0.6640479618476497,0.9999997218449911
283,8.4,-11.6,16,Hero,0.6843898491933942,0.9998106099665165
284,8.2,-11.8,18,Hero,0.7354641573296653,0.9993307491143545
285,8.9,-11.1,11,Hero,0.7770884145389904,0.9999951557679609
286,9.0,-11.0,10,Hero,0.7323776870965958,0.9999982118606567
287,-4.999999999999998,-4.999999999999998,50,None,0.7648496882617474,1.0
288,9.0,-11.0,10,Hero,0.9209664434194564,0.9999988675117493
289,9.9,-10.1,1,Hero,0.8782619833946228,1.0
290,9.3,-10.7,7,Hero,0.9657262223107475,0.9999874830245972
291,-4.999999999999998,-4.999999999999998,50,None,0.8657949453592301,0.9999982213973999
292,9.6,-10.4,4,Hero,0.7678970694541931,0.9999999403953552
293,-11.5,8.5,15,Villain,0.6541602969169616,0.9999999284744263
294,-11.2,8.8,12,Villain,0.8042155231038729,0.9999999602635702
295,8.6,-11.4,14,Hero,0.8097492243562426,0.9999390542507172
296,8.9,-11.1,11,Hero,0.6899691481481899,0.999999306418679
297,9.4,-10.6,6,Hero,0.71419657766819,0.9999975760777792
298,9.0,-11.0,10,Hero,0.9100978240370751,0.9999989986419677
299,9.1,-10.9,9,Hero,0.5671685304906633,0.9999999735090468
300,-14.899999999999999,5.100000000000001,49,Villain,0.8925353304235911,1.0
301,9.0,-11.0,10,Hero,0.645095381140709,0.9999428391456604
302,8.4,-11.6,16,Hero,0.7092884033918381,0.9785510748624802
303,-10.7,9.3,7,Villain,0.8329260242836816,0.9999992166246686
304,-11.0,9.0,10,Villain,0.7231832385063172,0.9999565422534943
305,-11.2,8.8,12,Villain,0.8486493304371834,0.9999999503294627
306,-4.999999999999998,-4.999999999999998,50,None,0.8397416174411774,0.9999999833106995
307,9.6,-10.4,4,Hero,0.9997005611658096,0.9999999403953552
308,9.200000000000001,-10.799999999999999,8,Hero,0.8631763495504856,0.9999983608722687
309,9.1,-10.9,9,Hero,0.7294840216636658,0.999974528948466
310,-4.999999999999998,-4.999999999999998,50,None,0.8373815397918224,0.9999999666213989
311,8.8,-11.2,12,Hero,0.7465522922575474,0.9999969204266866
312,-11.0,9.0,10,Villain,0.9331319093704223,0.9999995589256286
313,8.5,-11.5,15,Hero,0.7843465472261111,0.9999994913736979
314,-4.999999999999998,-4.999999999999998,50,None,0.9551140833646059,0.9999999952316284
315,9.700000000000001,-10.299999999999999,3,Hero,0.965038021405538,0.9999992847442627
316,8.6,-11.4,14,Hero,0.6805705768721444,0.9999487229755947
317,-10.6,9.4,6,Villain,0.7616727352142334,0.9999972979227701
318,9.6,-10.4,4,Hero,0.9818326830863953,0.9999960958957672
319,9.6,-10.4,4,Hero,0.9973787814378738,1.0
320,-4.999999999999998,-4.999999999999998,50,None,0.8252840411663055,0.9999998474121093
321,-11.7,8.3,17,Villain,0.6573605541797245,0.9999988920548383
322,9.5,-10.5,5,Hero,0.754529471322894,0.999993371963501
323,8.9,-11.1,11,Hero,0.7405376061797142,0.9991833675991405
324,8.6,-11.4,14,Hero,0.7035737463406154,0.9999695803437915
325,9.0,-11.0,10,Hero,0.8933087140321732,0.9999961018562317
326,-4.999999999999998,-4.999999999999998,50,None,0.8684628743678331,0.999999713897705
327,9.0,-11.0,10,Hero,0.9519252955913544,0.9999988317489624
328,-4.999999999999998,-4.999999999999998,50,None,0.855207988023758,0.9999999928474427
329,9.9,-10.1,1,Hero,0.9941083192825317,1.0
330,-12.2,7.8,22,Villain,0.6225417269901796,0.9999982931397178
331,9.6,-10.4,4,Hero,0.9124067425727844,0.9999809563159943
332,9.1,-10.9,9,Hero,0.7736064294974009,0.9997979071405199
333,9.5,-10.5,5,Hero,0.9996870398521424,0.9999998807907104
334,9.0,-11.0,10,Hero,0.7093636304140091,0.9999823570251465
335,8.8,-11.2,12,Hero,0.6702920055637757,0.9998175700505575
336,-4.999999999999998,-4.999999999999998,50,None,0.8790426884591579,0.9999998044967652
337,8.2,-11.8,18,Hero,0.8602506377630763,0.9999999933772616
338,8.9,-11.1,11,Hero,0.7073635784062472,0.9999960660934448
339,9.4,-10.6,6,Hero,0.7453645169734955,0.9999553461869558
340,8.8,-11.2,12,Hero,0.814626400048534,0.9999979237715403
341,-10.799999999999999,9.200000000000001,8,Villain,0.6293131336569786,0.999942272901535
342,8.700000000000001,-11.299999999999999,13,Hero,0.812967714208823,0.9999734209134028
343,-11.6,8.4,16,Villain,0.5784087916836143,0.999998651444912
344,-4.999999999999998,-4.999999999999998,50,None,0.9266924537718296,0.9999999475479125
345,8.4,-11.6,16,Hero,0.7417230047285557,0.9999953508377075
346,9.3,-10.7,7,Hero,0.7112130607877459,0.9999973773956299
347,9.3,-10.7,7,Hero,0.9188602651868548,0.9999194996697562
348,-10.799999999999999,9.200000000000001,8,Villain,0.5915118716657162,0.9999999850988388
349,-4.999999999999998,-4.999999999999998,50,None,0.8122900073230267,0.9999999904632568
350,9.3,-10.7,7,Hero,0.8507284777505058,0.9999999489103045
351,9.1,-10.9,9,Hero,0.8119830820295546,0.9999765687518649
352,8.3,-11.7,17,Hero,0.7177687620415407,0.9999983100330129
353,-4.999999999999998,-4.999999999999998,50,None,0.9986411714553833,1.0
354,9.700000000000001,-10.299999999999999,3,Hero,0.6704255739847819,0.9999996026357015
355,9.3,-10.7,7,Hero,0.647567435300776,0.9999963215419224
356,-10.5,9.5,5,Villain,0.8621844589710236,0.9999998807907104
357,9.1,-10.9,9,Hero,0.5387701243162155,0.9999997615814209
358,8.6,-11.4,14,Hero,0.6956423840352467,0.9958671161106655
359,8.9,-11.1,11,Hero,0.7940870306708596,0.9999979300932451
360,8.9,-11.1,11,Hero,0.6965012232011015,0.9999813816764138
361,8.9,-11.1,11,Hero,0.9231062694029375,0.9999990246512673
362,-10.799999999999999,9.200000000000001,8,Villain,0.6471605850383639,0.9999983161687851
363,9.6,-10.4,4,Hero,0.634381428360939,0.9999997019767761
364,8.700000000000001,-11.299999999999999,13,Hero,0.8519430435620822,0.9999999449803278
365,-11.2,8.8,12,Villain,0.8115219498674074,0.9999995032946268
366,8.6,-11.4,14,Hero,0.80949688489948,0.9994126771177564
367,9.700000000000001,-10.299999999999999,3,Hero,0.5535999536514282,0.9999984502792358
368,-10.299999999999999,9.700000000000001,3,Villain,0.9950128396352133,0.9999988476435343
369,-10.9,9.1,9,Villain,0.6256289846367307,0.9999965296851264
370,9.4,-10.6,6,Hero,0.9918655852476755,0.9999999602635702
371,9.200000000000001,-10.799999999999999,8,Hero,0.5625750925391912,0.9999996423721313
372,-10.2,9.8,2,Villain,0.7181680798530579,0.9999997615814209
373,-11.5,8.5,15,Villain,0.7714436610539754,0.9999996900558472
374,8.3,-11.7,17,Hero,0.6798114362446701,0.9976708783822901
375,-10.1,9.9,1,Villain,0.9996681213378906,0.9998375177383423
376,8.9,-11.1,11,Hero,0.7180261286822233,0.9999734000726179
377,-12.0,8.0,20,Villain,0.6971410751342774,0.9999999821186065
378,8.1,-11.9,19,Hero,0.6833205938241199,0.9917630459132948
379,8.2,-11.8,18,Hero,0.7438708601726426,0.9999981257650588
380,9.0,-11.0,10,Hero,0.7186139822006226,0.9991131842136383
381,-4.999999999999998,-4.999999999999998,50,None,0.8206841880083084,0.9999980306625367
382,8.9,-11.1,11,Hero,0.7865509201179851,0.9999929666519165
383,9.200000000000001,-10.799999999999999,8,Hero,0.8298650532960892,0.999968945980072
384,8.5,-11.5,15,Hero,0.8102579156557719,0.9994736711184183
385,9.1,-10.9,9,Hero,0.9999892711639404,0.9999997615814209
386,-4.999999999999998,-4.999999999999998,50,None,0.9972288262844086,1.0
387,9.1,-10.9,9,Hero,0.8404245972633362,0.9998185104793973
388,9.5,-10.5,5,Hero,0.7810818612575531,0.9999998807907104
389,8.4,-11.6,16,Hero,0.7501120455563068,0.9962941147387028
390,9.5,-10.5,5,Hero,0.7682573854923248,0.999999713897705
391,9.0,-11.0,10,Hero,0.8118195533752441,0.9999980926513672
392,8.9,-11.1,11,Hero,0.902044499462301,0.9999967488375577
393,8.6,-11.4,14,Hero,0.7920233692441668,0.9999892115592957
394,-11.299999999999999,8.700000000000001,13,Villain,0.7501882073970941,0.9999999908300546
395,9.0,-11.0,10,Hero,0.7254008769989013,0.9999771058559418
396,9.6,-10.4,4,Hero,0.811077356338501,0.9999999105930328
397,9.0,-11.0,10,Hero,0.9027409523725509,0.9999994158744812
398,8.3,-11.7,17,Hero,0.7458675381015328,0.9984563133295845
399,-4.999999999999998,-4.999999999999998,50,None,0.8787509917467833,0.9999999666213989
400,-11.4,8.6,14,Villain,0.7064959172691617,0.9999999148505074
401,-4.999999999999998,-4.999999999999998,50,None,0.9430801439285278,1.0
402,9.6,-10.4,4,Hero,0.8252561986446381,0.9999998509883881
403,9.4,-10.6,6,Hero,0.8300742531816164,0.9999961853027344
404,8.8,-11.2,12,Hero,0.7405736396710078,0.998204285899798
405,9.3,-10.7,7,Hero,0.7459951926554952,0.999999863760812
406,-10.2,9.8,2,Villain,0.9540620446205139,0.9993965327739716
407,-10.5,9.5,5,Villain,0.42605059742927553,1.0
408,-4.999999999999998,-4.999999999999998,50,None,0.9294393855333328,0.9999999952316284
409,-10.799999999999999,9.200000000000001,8,Villain,0.6764429248869419,0.9999999403953552
410,8.4,-11.6,16,Hero,0.7081121830269694,0.9798987470567226
411,8.9,-11.1,11,Hero,0.9248223575678739,0.9999994473023848
412,9.700000000000001,-10.299999999999999,3,Hero,0.9902389248212179,0.9999992450078329
413,-11.0,9.0,10,Villain,0.5656398341059685,0.9999873995780945
414,8.5,-11.5,15,Hero,0.7874641259511311,0.9999022483825684
415,8.4,-11.6,16,Hero,0.7684493567794561,0.9991405159235001
416,8.6,-11.4,14,Hero,0.7450128777750901,0.9973301546914237
417,9.1,-10.9,9,Hero,0.8456905004050996,0.999996132320828
418,9.4,-10.6,6,Hero,0.7743198300401369,0.9999904235204061
419,-10.299999999999999,9.700000000000001,3,Villain,0.999279797077179,0.9999991257985433
420,9.4,-10.6,6,Hero,0.999425341685613,1.0
421,-4.999999999999998,-4.999999999999998,50,None,0.8352136847376823,0.9999998784065247
422,-11.4,8.6,14,Villain,0.7316187109266009,0.9999116063117981
423,-4.999999999999998,-4.999999999999998,50,None,0.9600526499003172,1.0
424,8.8,-11.2,12,Hero,0.8652998358011246,0.9999998211860657
425,-10.799999999999999,9.200000000000001,8,Villain,0.954611100256443,0.9999999403953552
426,9.6,-10.4,4,Hero,0.9999997615814209,1.0
427,-11.1,8.9,11,Villain,0.8593357395042073,0.9999999566511675
428,-11.1,8.9,11,Villain,0.8711551671678369,0.9999997615814209
429,8.3,-11.7,17,Hero,0.6567056809606797,0.9994716398856219
430,-10.4,9.6,4,Villain,0.9432419389486313,0.999999612569809
431,-11.1,8.9,11,Villain,0.7831646813587709,0.9999799945137717
432,9.0,-11.0,10,Hero,0.7401341155171395,0.9999942541122436
433,9.200000000000001,-10.799999999999999,8,Hero,0.7859946489334106,0.9999999701976776
434,8.700000000000001,-11.299999999999999,13,Hero,0.7681294427468226,0.9947831722406241
435,8.4,-11.6,16,Hero,0.7274824939668179,0.9999986216425896
436,-11.5,8.5,15,Villain,0.8028256436189015,0.9999995390574138
437,8.8,-11.2,12,Hero,0.7152051143348217,0.9999254842599233
438,-11.4,8.6,14,Villain,0.8172748684883118,0.9999967047146389
439,9.9,-10.1,1,Hero,0.9854684472084045,0.9999936819076538
440,-4.999999999999998,-4.999999999999998,50,None,0.9292738865315914,1.0
441,9.5,-10.5,5,Hero,0.9992889523506164,0.999992060661316
442,8.8,-11.2,12,Hero,0.7919261157512665,0.999999056259791
443,9.3,-10.7,7,Hero,0.8165543930871146,0.9999957765851702
444,8.1,-11.9,19,Hero,0.6943124409176802,0.9999983938116777
445,8.3,-11.7,17,Hero,0.7487210946924546,0.9997570234186509
446,8.700000000000001,-11.299999999999999,13,Hero,0.805083074248754,0.999999055495629
447,-10.299999999999999,9.700000000000001,3,Villain,0.7227225204308828,0.9999988476435343
448,9.1,-10.9,9,Hero,0.8180152575174967,0.9999998410542806
449,8.8,-11.2,12,Hero,0.7707189346353213,0.9995932082335154
450,9.9,-10.1,1,Hero,0.9998643398284912,1.0
451,8.8,-11.2,12,Hero,0.6159214104215304,0.9999858438968658
452,9.200000000000001,-10.799999999999999,8,Hero,0.866375096142292,0.9999999105930328
453,-11.299999999999999,8.700000000000001,13,Villain,0.5698612034320831,0.9999766945838928
454,8.5,-11.5,15,Hero,0.7712960620721181,0.9999923706054688
455,-10.7,9.3,7,Villain,0.9407955152647836,1.0
456,8.9,-11.1,11,Hero,0.8614928912032734,0.9999999566511675
457,9.0,-11.0,10,Hero,0.6883631125092506,1.0
458,-11.1,8.9,11,Villain,0.657501641322266,1.0
459,6.399999999999999,-13.600000000000001,36,Hero,0.8960151019402676,0.9999946587615542
460,8.4,-11.6,16,Hero,0.7530295138712972,1.0
461,-11.1,8.9,11,Villain,0.8733450662006031,1.0
462,-11.6,8.4,16,Villain,0.6672284305095673,0.9999966025352478
463,9.5,-10.5,5,Hero,0.744006735086441,0.9999981880187988
464,-10.4,9.6,4,Villain,0.5448280982673168,1.0
465,9.4,-10.6,6,Hero,0.8022578855355581,0.9999823371569315
466,6.799999999999999,-13.200000000000001,32,Hero,0.8551595953758806,0.9999999962747097
467,8.700000000000001,-11.299999999999999,13,Hero,0.8262918167389356,0.9981233294193561
468,7.6,-12.4,24,Hero,0.8168737261245648,0.9999999304612478
469,9.4,-10.6,6,Hero,0.9997182786464691,1.0
470,-10.7,9.3,7,Villain,0.9960386242185321,1.0
471,-10.6,9.4,6,Villain,0.9590988556543986,1.0
472,-10.5,9.5,5,Villain,0.9999068975448608,1.0
473,8.700000000000001,-11.299999999999999,13,Hero,0.7682938357958427,0.999998349409837
474,9.5,-10.5,5,Hero,0.7955936551094055,1.0
475,8.9,-11.1,11,Hero,0.9262717203660444,1.0
476,9.4,-10.6,6,Hero,0.9989442725976309,0.999999980131785
477,-11.1,8.9,11,Villain,0.8397210998968645,0.9999991005117242
478,9.1,-10.9,9,Hero,0.8844410247272916,0.9999998013178507
479,-10.799999999999999,9.200000000000001,8,Villain,0.9766681417822838,0.9999999701976776
480,8.700000000000001,-11.299999999999999,13,Hero,0.7379773752047465,0.9999995965224046
481,9.200000000000001,-10.799999999999999,8,Hero,0.999318078160286,1.0
482,-10.799999999999999,9.200000000000001,8,Villain,0.9101422280073166,1.0
483,9.0,-11.0,10,Hero,0.930279803276062,0.9999999880790711
484,8.700000000000001,-11.299999999999999,13,Hero,0.839328972192911,0.9999969739180344
485,8.4,-11.6,16,Hero,0.7960352394729853,0.9999984428286552
486,9.0,-11.0,10,Hero,0.7883221238851548,0.9999927997589111
487,9.700000000000001,-10.299999999999999,3,Hero,0.9999568462371826,1.0
488,8.9,-11.1,11,Hero,0.8051940311085094,0.9999995014884255
489,-10.799999999999999,9.200000000000001,8,Villain,0.9988094493746758,1.0
490,8.8,-11.2,12,Hero,0.8105380684137344,1.0
491,-11.1,8.9,11,Villain,0.7121768695386973,1.0
492,9.0,-11.0,10,Hero,0.7582540104165674,0.9999999880790711
493,8.5,-11.5,15,Hero,0.7888904381543398,0.9999998013178507
494,9.3,-10.7,7,Hero,0.9446806652205331,1.0
495,-11.9,8.1,19,Villain,0.9326652211970404,1.0
496,9.200000000000001,-10.799999999999999,8,Hero,0.8717183768749237,0.9999999850988388
497,9.3,-10.7,7,Hero,0.9206592696053642,1.0
498,8.8,-11.2,12,Hero,0.8493014698227247,1.0
499,-4.999999999999998,-4.999999999999998,50,None,0.9045560503005982,1.0
500,9.9,-10.1,1,Hero,0.9999881982803345,1.0
501,9.1,-10.9,9,Hero,0.7941801084412469,1.0
502,-4.999999999999998,-4.999999999999998,50,None,0.994188723564148,1.0
503,8.9,-11.1,11,Hero,0.7624693092974749,1.0
504,8.6,-11.4,14,Hero,0.801209497664656,0.9999999318804059
505,9.5,-10.5,5,Hero,0.8212954580783844,1.0
506,9.3,-10.7,7,Hero,0.8762979762894767,1.0
507,-11.5,8.5,15,Villain,0.829086314390103,1.0
508,9.5,-10.5,5,Hero,0.9970951437950134,0.9999999761581421
509,-4.999999999999998,-4.999999999999998,50,None,0.9116939451545477,1.0
510,9.4,-10.6,6,Hero,0.9328522582848867,1.0
511,-10.4,9.6,4,Villain,0.8069794103503227,0.9999999105930328
512,9.0,-11.0,10,Hero,0.9175149023532867,0.9999995708465577
513,9.6,-10.4,4,Hero,0.8115817755460739,1.0
514,9.0,-11.0,10,Hero,0.8643785417079926,0.9999998688697815
515,8.8,-11.2,12,Hero,0.7616442665457726,0.9999976456165314
516,9.3,-10.7,7,Hero,0.7549656629562378,1.0
517,8.700000000000001,-11.299999999999999,13,Hero,0.8234997311463723,1.0
518,8.8,-11.2,12,Hero,0.779404898484548,1.0
519,-10.2,9.8,2,Villain,0.9998629093170166,0.9999716281890869
520,9.4,-10.6,6,Hero,0.6463263034820557,1.0
521,8.700000000000001,-11.299999999999999,13,Hero,0.8591372554118817,1.0
522,9.1,-10.9,9,Hero,0.8750449087884691,1.0
523,-11.7,8.3,17,Villain,0.8051220897366019,1.0
524,-4.999999999999998,-4.999999999999998,50,None,0.8774960047751665,1.0
525,9.6,-10.4,4,Hero,0.8855500519275665,1.0
526,-10.9,9.1,9,Villain,0.9999595350689359,1.0
527,-11.2,8.8,12,Villain,0.8384212404489517,1.0
528,8.8,-11.2,12,Hero,0.7618411146104336,1.0
529,8.8,-11.2,12,Hero,0.744189732397596,0.9999994138876597
530,-11.7,8.3,17,Villain,0.7653745553072762,1.0
531,8.1,-11.9,19,Hero,0.8525026699430064,1.0
532,-4.999999999999998,-4.999999999999998,50,None,0.9053095289319754,1.0
533,8.3,-11.7,17,Hero,0.81430402748725,1.0
534,9.5,-10.5,5,Hero,0.9157317280769348,1.0
535,8.9,-11.1,11,Hero,0.7764433188871904,1.0
536,-10.7,9.3,7,Villain,0.9997338652610779,1.0
537,9.5,-10.5,5,Hero,0.9876238942146301,1.0
538,9.4,-10.6,6,Hero,0.9084210644165674,1.0
539,9.4,-10.6,6,Hero,0.8667652358611425,1.0
540,9.1,-10.9,9,Hero,0.8920849627918668,0.9999997880723741
541,8.9,-11.1,11,Hero,0.835146577520804,1.0
542,9.6,-10.4,4,Hero,0.9978470951318741,1.0
543,-11.1,8.9,11,Villain,0.8248516863042658,1.0
544,9.8,-10.2,2,Hero,0.9999483823776245,1.0
545,7.1,-12.9,29,Hero,0.8056228279039778,0.9999993340722446
546,9.1,-10.9,9,Hero,0.8613996207714081,1.0
547,-10.299999999999999,9.700000000000001,3,Villain,0.7768356204032898,1.0
548,9.200000000000001,-10.799999999999999,8,Hero,0.9907625690102577,0.9999999403953552
549,9.0,-11.0,10,Hero,0.7619169801473618,1.0
550,-4.999999999999998,-4.999999999999998,50,None,0.9275005669891834,1.0
551,-11.5,8.5,15,Villain,0.8328117946783702,1.0
552,-4.999999999999998,-4.999999999999998,50,None,0.9124858164787293,1.0
553,-10.1,9.9,1,Villain,0.9997945427894592,1.0
554,8.5,-11.5,15,Hero,0.749161480863889,1.0
555,8.6,-11.4,14,Hero,0.8425231405666896,1.0
556,8.9,-11.1,11,Hero,0.873078319159421,1.0
557,-10.9,9.1,9,Villain,0.9997552567058139,1.0
558,9.0,-11.0,10,Hero,0.8188465118408204,0.9999999761581421
559,8.9,-11.1,11,Hero,0.7757568874142386,1.0
560,9.1,-10.9,9,Hero,0.9454026818275452,0.9999963310029771
561,9.3,-10.7,7,Hero,0.7500071717160088,1.0
562,9.0,-11.0,10,Hero,0.8372284948825837,1.0
563,9.0,-11.0,10,Hero,0.679883873462677,1.0
564,-11.1,8.9,11,Villain,0.9250757829709486,1.0
565,8.1,-11.9,19,Hero,0.82650820126659,1.0
566,9.3,-10.7,7,Hero,0.8086239525250026,1.0
567,-10.9,9.1,9,Villain,0.9185831281873915,1.0
568,8.4,-11.6,16,Hero,0.7277529649436474,1.0
569,9.4,-10.6,6,Hero,0.8481058279673258,1.0
570,9.200000000000001,-10.799999999999999,8,Hero,0.7861030558124185,1.0
571,7.9,-12.1,21,Hero,0.7695171506631941,0.9999833277293614
572,9.5,-10.5,5,Hero,0.7730762600898743,1.0
573,8.0,-12.0,20,Hero,0.7851863398769637,0.9999975502490998
574,8.9,-11.1,11,Hero,0.8970415212891318,1.0
575,8.9,-11.1,11,Hero,0.8430085480213165,1.0
576,-10.5,9.5,5,Villain,0.9999937772750854,1.0
577,-10.9,9.1,9,Villain,0.725793888585435,1.0
578,-4.999999999999998,-4.999999999999998,50,None,0.9551024989783764,1.0
579,9.200000000000001,-10.799999999999999,8,Hero,0.9271242022514343,1.0
580,-11.4,8.6,14,Villain,0.8682219854422978,1.0
581,8.4,-11.6,16,Hero,0.8313726531341672,0.9999999925494194
582,8.9,-11.1,11,Hero,0.8790606314485724,1.0
583,8.0,-12.0,20,Hero,0.9472895631333813,1.0
584,-10.299999999999999,9.700000000000001,3,Villain,0.9622657497723898,1.0
585,9.0,-11.0,10,Hero,0.8110454201698303,1.0
586,8.700000000000001,-11.299999999999999,13,Hero,0.6802036922711593,1.0
587,9.0,-11.0,10,Hero,0.7994002282619477,1.0
588,9.200000000000001,-10.799999999999999,8,Hero,0.922526378184557,1.0
589,-10.7,9.3,7,Villain,0.6351956549499717,1.0
590,-4.999999999999998,-4.999999999999998,50,None,0.9670543092489242,1.0
591,-4.999999999999998,-4.999999999999998,50,None,0.8868061262369156,1.0
592,8.9,-11.1,11,Hero,0.8655375770547173,1.0
593,9.200000000000001,-10.799999999999999,8,Hero,0.8901588469743729,1.0
594,9.8,-10.2,2,Hero,1.0,1.0
595,-4.999999999999998,-4.999999999999998,50,None,0.9249238891899586,1.0
596,8.6,-11.4,14,Hero,0.8093896125044141,0.9999990378107343
597,-12.1,7.9,21,Villain,0.8356230394648654,1.0
598,9.1,-10.9,9,Hero,0.99999909930759,1.0
599,9.9,-10.1,1,Hero,0.9993976354598999,1.0
600,9.3,-10.7,7,Hero,0.8138166580881391,1.0
601,-4.999999999999998,-4.999999999999998,50,None,0.9288983801007271,1.0
602,8.6,-11.4,14,Hero,0.7259641970906939,1.0
603,9.3,-10.7,7,Hero,0.9172769784927368,1.0
604,-4.999999999999998,-4.999999999999998,50,None,0.9160843840241433,1.0
605,9.5,-10.5,5,Hero,0.787634464353323,1.0
606,9.8,-10.2,2,Hero,0.8743495047092438,1.0
607,8.8,-11.2,12,Hero,0.8132836955289046,1.0
608,9.5,-10.5,5,Hero,0.8889652848243713,1.0
609,9.4,-10.6,6,Hero,0.9099944730599722,1.0
610,9.700000000000001,-10.299999999999999,3,Hero,0.8707742691040039,1.0
611,9.6,-10.4,4,Hero,0.9637172222137451,1.0
612,8.4,-11.6,16,Hero,0.8045723298564553,1.0
613,-10.7,9.3,7,Villain,0.880421370267868,1.0
614,-11.5,8.5,15,Villain,0.790879472096761,1.0
615,8.6,-11.4,14,Hero,0.797701358795166,0.9999997786113194
616,9.3,-10.7,7,Hero,0.8602309099265507,1.0
617,9.0,-11.0,10,Hero,0.9838540852069855,1.0
618,9.3,-10.7,7,Hero,0.9999982459204537,1.0
619,-11.7,8.3,17,Villain,0.8111352429670446,1.0
620,9.5,-10.5,5,Hero,0.8939806580543518,1.0
621,9.200000000000001,-10.799999999999999,8,Hero,0.8707093596458435,1.0
622,8.9,-11.1,11,Hero,0.8731828440319408,1.0
623,-4.999999999999998,-4.999999999999998,50,None,0.9561575075984001,1.0
624,9.5,-10.5,5,Hero,0.999928879737854,1.0
625,9.9,-10.1,1,Hero,0.9954040050506592,1.0
626,8.9,-11.1,11,Hero,0.8965570330619812,1.0
627,9.4,-10.6,6,Hero,0.9744704961776733,1.0
628,9.6,-10.4,4,Hero,0.9999871850013733,1.0
629,5.6,-14.4,44,Hero,0.8782376240600239,0.9999998997558247
630,7.699999999999999,-12.3,23,Hero,0.8111862449542336,0.9999999948169874
631,9.4,-10.6,6,Hero,0.998849093914032,1.0
632,5.300000000000001,-14.7,47,Hero,0.9514888772305022,1.0
633,7.6,-12.4,24,Hero,0.9155341471390178,1.0
634,-4.999999999999998,-4.999999999999998,50,None,0.9400160942971706,1.0
635,-11.2,8.8,12,Villain,0.725466899263362,1.0
636,-4.999999999999998,-4.999999999999998,50,None,0.9894572114944458,1.0
637,-4.999999999999998,-4.999999999999998,50,None,0.9474412816762924,0.9999962747097015
638,9.1,-10.9,9,Hero,0.8409618323461877,1.0
639,9.4,-10.6,6,Hero,0.8687293802698454,1.0
640,7.8,-12.2,22,Hero,0.8834066997197542,1.0
641,6.799999999999999,-13.200000000000001,32,Hero,0.9183332952670753,1.0
642,8.6,-11.4,14,Hero,0.8224948240177972,1.0
643,9.4,-10.6,6,Hero,0.8760685125986735,1.0
644,9.0,-11.0,10,Hero,0.8405129596590996,1.0
645,8.9,-11.1,11,Hero,0.9069043723019686,1.0
646,-4.999999999999998,-4.999999999999998,50,None,0.9990733683109283,1.0
647,8.700000000000001,-11.299999999999999,13,Hero,0.7931473404169083,1.0
648,-11.1,8.9,11,Villain,0.8176950080828234,1.0
649,-4.999999999999998,-4.999999999999998,50,None,0.9650089612603188,1.0
650,7.1,-12.9,29,Hero,0.94409124503426,1.0
651,9.6,-10.4,4,Hero,0.9995759278535843,1.0
652,-4.999999999999998,-4.999999999999998,50,None,0.9948528134822845,1.0
653,9.0,-11.0,10,Hero,0.9768679857254028,1.0
654,-10.7,9.3,7,Villain,0.9999896458217076,1.0
655,6.599999999999999,-13.400000000000002,34,Hero,0.9265918021966868,1.0
656,-4.999999999999998,-4.999999999999998,50,None,0.9345394816994667,1.0
657,9.4,-10.6,6,Hero,0.8375905553499857,1.0
658,9.6,-10.4,4,Hero,0.9999336749315262,1.0
659,9.1,-10.9,9,Hero,0.9515355163150363,1.0
660,9.200000000000001,-10.799999999999999,8,Hero,0.6906927889212966,1.0
661,6.399999999999999,-13.600000000000001,36,Hero,0.9062544906822344,1.0
662,8.3,-11.7,17,Hero,0.8457459465545767,0.9999999859753776
663,-4.999999999999998,-4.999999999999998,50,None,0.9551822423934937,1.0
664,8.5,-11.5,15,Hero,0.8149405340353648,1.0
665,8.6,-11.4,14,Hero,0.8574140327317374,1.0
666,9.1,-10.9,9,Hero,0.9600489801830716,1.0
667,8.4,-11.6,16,Hero,0.8338433222379535,1.0
668,8.6,-11.4,14,Hero,0.8363442303878921,1.0
669,-10.1,9.9,1,Villain,0.999974250793457,1.0
670,9.6,-10.4,4,Hero,0.8565317243337631,1.0
671,8.6,-11.4,14,Hero,0.829423229609217,1.0
672,9.8,-10.2,2,Hero,0.9999961853027344,1.0
673,-10.6,9.4,6,Villain,0.9012115399042765,1.0
674,8.4,-11.6,16,Hero,0.7488651741296053,1.0
675,7.9,-12.1,21,Hero,0.7329974493810109,0.9974086029188973
676,-10.9,9.1,9,Villain,0.804423557387458,1.0
677,8.8,-11.2,12,Hero,0.8649370297789574,0.9926939556996027
678,9.700000000000001,-10.299999999999999,3,Hero,0.9958371718724569,1.0
679,9.0,-11.0,10,Hero,0.8502443343400955,1.0
680,8.700000000000001,-11.299999999999999,13,Hero,0.7266069828317716,1.0
681,8.8,-11.2,12,Hero,0.830720279365778,1.0
682,-11.7,8.3,17,Villain,0.8297399931094226,1.0
683,9.700000000000001,-10.299999999999999,3,Hero,0.7803638180096945,1.0
684,8.8,-11.2,12,Hero,0.8119472041726112,1.0
685,9.700000000000001,-10.299999999999999,3,Hero,0.8049440383911133,1.0
686,-4.999999999999998,-4.999999999999998,50,None,0.907773776948452,1.0
687,9.3,-10.7,7,Hero,0.8035670018621853,1.0
688,9.200000000000001,-10.799999999999999,8,Hero,0.84793371707201,1.0
689,8.700000000000001,-11.299999999999999,13,Hero,0.7822655175740902,1.0
690,9.1,-10.9,9,Hero,0.7754018737210168,1.0
691,9.0,-11.0,10,Hero,0.9777016460895538,1.0
692,8.6,-11.4,14,Hero,0.7544833677155631,1.0
693,-11.4,8.6,14,Villain,0.8241824763161796,1.0
694,8.5,-11.5,15,Hero,0.770882385969162,1.0
695,-4.999999999999998,-4.999999999999998,50,None,0.9571791934967041,1.0
696,9.9,-10.1,1,Hero,1.0,1.0
697,9.6,-10.4,4,Hero,0.7910964265465736,1.0
698,9.0,-11.0,10,Hero,0.853941158670932,1.0
699,9.6,-10.4,4,Hero,0.9999999105930328,1.0
700,9.9,-10.1,1,Hero,0.7425302267074585,1.0
701,-4.999999999999998,-4.999999999999998,50,None,0.9324464505910873,0.9999228429794311
702,8.6,-11.4,14,Hero,0.8130232521465847,1.0
703,9.3,-10.7,7,Hero,0.6778737008571625,1.0
704,9.9,-10.1,1,Hero,0.43581414222717285,1.0
705,8.5,-11.5,15,Hero,0.8131458098689716,1.0
706,-4.999999999999998,-4.999999999999998,50,None,0.9812920022010804,1.0
707,-4.999999999999998,-4.999999999999998,50,None,0.9834349238872528,1.0
708,-4.999999999999998,-4.999999999999998,50,None,0.9994535899162292,1.0
709,-4.999999999999998,-4.999999999999998,50,None,0.9115603658929468,1.0
710,9.9,-10.1,1,Hero,1.0,1.0
711,-4.999999999999998,-4.999999999999998,50,None,0.97778075248003,1.0
712,-10.1,9.9,1,Villain,0.9942761063575745,1.0
713,-4.999999999999998,-4.999999999999998,50,None,0.9648500394821167,0.9999757134914398
714,-4.999999999999998,-4.999999999999998,50,None,0.9573151130974292,0.9999999928474427
715,-4.999999999999998,-4.999999999999998,50,None,0.9819462406635284,1.0
716,-4.999999999999998,-4.999999999999998,50,None,0.9999998879432678,1.0
717,-4.999999999999998,-4.999999999999998,50,None,0.9124098919704556,1.0
718,-4.999999999999998,-4.999999999999998,50,None,1.0,0.999999282360077
719,-4.999999999999998,-4.999999999999998,50,None,0.9788999184966087,1.0
720,-4.999999999999998,-4.999999999999998,50,None,0.9496547710895539,1.0
721,-4.999999999999998,-4.999999999999998,50,None,0.9295605611801148,1.0
722,9.8,-10.2,2,Hero,1.0,1.0
723,-4.999999999999998,-4.999999999999998,50,None,0.9538146960735321,1.0
724,-4.999999999999998,-4.999999999999998,50,None,0.951362966299057,1.0
725,-4.999999999999998,-4.999999999999998,50,None,0.9179539252445101,1.0
726,-4.999999999999998,-4.999999999999998,50,None,0.985206333398819,1.0
727,-4.999999999999998,-4.999999999999998,50,None,0.9545756983757019,1.0
728,-4.999999999999998,-4.999999999999998,50,None,1.0,1.0
729,-4.999999999999998,-4.999999999999998,50,None,0.9834438958764076,1.0
730,9.4,-10.6,6,Hero,1.0,1.0
731,-4.999999999999998,-4.999999999999998,50,None,0.9392007857561111,1.0
732,-4.999999999999998,-4.999999999999998,50,None,0.9619306409358979,0.999999897480011
733,-4.999999999999998,-4.999999999999998,50,None,0.9484567952901125,1.0
734,-4.999999999999998,-4.999999999999998,50,None,0.946281533036381,0.9999965023994446
735,-4.999999999999998,-4.999999999999998,50,None,0.9578830125927925,1.0
736,-4.999999999999998,-4.999999999999998,50,None,0.9999911069869996,1.0
737,-4.999999999999998,-4.999999999999998,50,None,0.9380735271051526,0.9999999594688416
738,9.200000000000001,-10.799999999999999,8,Hero,1.0,1.0
739,-4.999999999999998,-4.999999999999998,50,None,0.9290170347876847,1.0
740,-4.999999999999998,-4.999999999999998,50,None,0.9851627480983735,1.0
741,-4.999999999999998,-4.999999999999998,50,None,0.9625725531578064,1.0
742,-4.999999999999998,-4.999999999999998,50,None,0.9309097898751497,1.0
743,-4.999999999999998,-4.999999999999998,50,None,0.9517883610725403,0.9999985718727111
744,-4.999999999999998,-4.999999999999998,50,None,0.9768954396247864,1.0
745,-4.999999999999998,-4.999999999999998,50,None,0.9524072930216789,1.0
746,-4.999999999999998,-4.999999999999998,50,None,0.9075009503960609,1.0
747,-4.999999999999998,-4.999999999999998,50,None,0.9082171957194806,1.0
748,-4.999999999999998,-4.999999999999998,50,None,0.9567290633916855,1.0
749,9.200000000000001,-10.799999999999999,8,Hero,1.0,0.9999999850988388
750,-4.999999999999998,-4.999999999999998,50,None,0.9789440554380416,1.0
751,-4.999999999999998,-4.999999999999998,50,None,1.0,0.9999999165534973
752,-4.999999999999998,-4.999999999999998,50,None,0.9998756766319274,0.9999999976158143
753,-4.999999999999998,-4.999999999999998,50,None,0.9651364512741566,1.0
754,-4.999999999999998,-4.999999999999998,50,None,0.9380617594718933,1.0
755,-4.999999999999998,-4.999999999999998,50,None,0.977996916770935,0.9999999976158143
756,-4.999999999999998,-4.999999999999998,50,None,0.9999999904632568,0.9999999952316284
757,-4.999999999999998,-4.999999999999998,50,None,0.986650333404541,1.0
758,-4.999999999999998,-4.999999999999998,50,None,0.9377841221541167,1.0
759,-4.999999999999998,-4.999999999999998,50,None,0.962897316403687,1.0
760,9.9,-10.1,1,Hero,1.0,1.0
761,9.9,-10.1,1,Hero,0.9999988079071045,1.0
762,-4.999999999999998,-4.999999999999998,50,None,0.9317534959316254,0.9999993944168091
763,-4.999999999999998,-4.999999999999998,50,None,0.994520605802536,1.0
764,-4.999999999999998,-4.999999999999998,50,None,0.9443327285349369,1.0
765,-4.999999999999998,-4.999999999999998,50,None,0.945094663798809,1.0
766,-4.999999999999998,-4.999999999999998,50,None,0.9277504420280457,1.0
767,-4.999999999999998,-4.999999999999998,50,None,0.9667352724075318,0.9999999976158143
768,-4.999999999999998,-4.999999999999998,50,None,0.970973578095436,1.0
769,-4.999999999999998,-4.999999999999998,50,None,0.9999984622001648,1.0
770,-4.999999999999998,-4.999999999999998,50,None,0.9408683550357818,0.9999996662139893
771,-4.999999999999998,-4.999999999999998,50,None,0.8037460931972601,1.0
772,-4.999999999999998,-4.999999999999998,50,None,0.9262488567829132,0.9999999928474427
773,-4.999999999999998,-4.999999999999998,50,None,0.9919317090511321,1.0
774,-4.999999999999998,-4.999999999999998,50,None,0.9529435598105193,1.0
775,-4.999999999999998,-4.999999999999998,50,None,0.9309868547599762,1.0
776,-4.999999999999998,-4.999999999999998,50,None,0.9997736036777496,1.0
777,-4.999999999999998,-4.999999999999998,50,None,0.9686010426282883,1.0
778,-4.999999999999998,-4.999999999999998,50,None,0.9675873897224665,1.0
779,-4.999999999999998,-4.999999999999998,50,None,0.9398954916000366,1.0
780,-4.999999999999998,-4.999999999999998,50,None,0.9715426313877106,1.0
781,-4.999999999999998,-4.999999999999998,50,None,0.9341262980177999,0.9999907910823822
782,-4.999999999999998,-4.999999999999998,50,None,0.9457185679674148,0.9999999833106995
783,-4.999999999999998,-4.999999999999998,50,None,1.0,0.9999976587295533
784,-4.999999999999998,-4.999999999999998,50,None,0.999209588766098,0.9999999952316284
785,-4.999999999999998,-4.999999999999998,50,None,0.9712713813781738,1.0
786,-4.999999999999998,-4.999999999999998,50,None,0.9511273381114006,1.0
787,-4.999999999999998,-4.999999999999998,50,None,0.9334702636301517,0.9999999880790711
788,-4.999999999999998,-4.999999999999998,50,None,0.9357102234940976,1.0
789,-4.999999999999998,-4.999999999999998,50,None,0.9281715470552444,1.0
790,9.700000000000001,-10.299999999999999,3,Hero,1.0,1.0
791,-4.999999999999998,-4.999999999999998,50,None,0.9384447407722473,1.0
792,-4.999999999999998,-4.999999999999998,50,None,0.9722056269645691,0.9999895095825195
793,-4.999999999999998,-4.999999999999998,50,None,0.9365872406959533,1.0
794,-4.999999999999998,-4.999999999999998,50,None,0.9999997448921204,0.9999988436698913
795,9.4,-10.6,6,Hero,1.0,1.0
796,-4.999999999999998,-4.999999999999998,50,None,0.9405771017074585,1.0
797,-4.999999999999998,-4.999999999999998,50,None,0.9449700669944286,1.0
798,-4.999999999999998,-4.999999999999998,50,None,0.9999980950355529,0.9999979734420776
799,-4.999999999999998,-4.999999999999998,50,None,0.949335760474205,0.9999939048290253
800,-4.999999999999998,-4.999999999999998,50,None,0.941435774564743,1.0
801,-4.999999999999998,-4.999999999999998,50,None,0.9632798314839601,1.0
802,-4.999999999999998,-4.999999999999998,50,None,0.9662748926877975,0.9999999904632568
803,-4.999999999999998,-4.999999999999998,50,None,0.9358499494194984,0.9999999976158143
804,-4.999999999999998,-4.999999999999998,50,None,0.9710750851035118,0.9999999165534973
805,-4.999999999999998,-4.999999999999998,50,None,0.9512896984815598,1.0
806,9.200000000000001,-10.799999999999999,8,Hero,1.0,0.9996627047657967
807,-4.999999999999998,-4.999999999999998,50,None,0.9909557068347931,1.0
808,-4.999999999999998,-4.999999999999998,50,None,0.9999286651611328,0.9999999809265137
809,-4.999999999999998,-4.999999999999998,50,None,0.9509339857101441,1.0
810,-4.999999999999998,-4.999999999999998,50,None,0.9411007734574377,1.0
811,-4.999999999999998,-4.999999999999998,50,None,0.9795617836713791,0.9999956619739533
812,-4.999999999999998,-4.999999999999998,50,None,0.9672030620276928,1.0
813,-4.999999999999998,-4.999999999999998,50,None,0.9439976945519447,1.0
814,-4.999999999999998,-4.999999999999998,50,None,0.9817504188418389,1.0
815,-4.999999999999998,-4.999999999999998,50,None,0.9694974586367607,1.0
816,-4.999999999999998,-4.999999999999998,50,None,0.9606326401233674,1.0
817,-4.999999999999998,-4.999999999999998,50,None,0.9999237608909607,1.0
818,-4.999999999999998,-4.999999999999998,50,None,0.999831131696701,1.0
819,-4.999999999999998,-4.999999999999998,50,None,0.9946859490871429,1.0
820,-4.999999999999998,-4.999999999999998,50,None,0.894410228356719,0.9999999833106995
821,9.6,-10.4,4,Hero,0.7574198320508003,1.0
822,-4.999999999999998,-4.999999999999998,50,None,0.9999846410751343,1.0
823,-4.999999999999998,-4.999999999999998,50,None,0.9412879034876823,1.0
824,-4.999999999999998,-4.999999999999998,50,None,0.9626332610845566,0.9999999976158143
825,-10.7,9.3,7,Villain,0.8584989362529346,1.0
826,-4.999999999999998,-4.999999999999998,50,None,0.9713278067111969,0.9999980425834656
827,-4.999999999999998,-4.999999999999998,50,None,0.9470742267370224,1.0
828,-4.999999999999998,-4.999999999999998,50,None,0.9674545305967331,1.0
829,-4.999999999999998,-4.999999999999998,50,None,0.9847381973266601,1.0
830,-4.999999999999998,-4.999999999999998,50,None,0.9757036125659942,1.0
831,-4.999999999999998,-4.999999999999998,50,None,0.9350242637097835,1.0
832,9.1,-10.9,9,Hero,0.885675870709949,1.0
833,-4.999999999999998,-4.999999999999998,50,None,0.9436328195035457,1.0
834,8.8,-11.2,12,Hero,0.8314653703322014,1.0
835,-4.999999999999998,-4.999999999999998,50,None,0.9627323743700981,0.9999996495246887
836,7.199999999999999,-12.8,28,Hero,0.8298822327695754,1.0
837,-4.999999999999998,-4.999999999999998,50,None,0.9711286878585815,1.0
838,-4.999999999999998,-4.999999999999998,50,None,0.9456198564171792,0.9999999570846557
839,9.1,-10.9,9,Hero,0.7058640023072561,1.0
840,-4.999999999999998,-4.999999999999998,50,None,0.9984955632686615,1.0
841,7.699999999999999,-12.3,23,Hero,0.8376107742508833,1.0
842,-4.999999999999998,-4.999999999999998,50,None,0.9514236838370561,1.0
843,8.0,-12.0,20,Hero,0.8535608022473753,1.0
844,-4.999999999999998,-4.999999999999998,50,None,0.9174809058010578,1.0
845,-4.999999999999998,-4.999999999999998,50,None,0.9859778779745102,1.0
846,-4.999999999999998,-4.999999999999998,50,None,0.964033671617508,1.0
847,-4.999999999999998,-4.999999999999998,50,None,0.9592125523090362,1.0
848,9.200000000000001,-10.799999999999999,8,Hero,0.8215126413851976,1.0
849,6.999999999999999,-13.0,30,Hero,0.9377080781695744,1.0
850,-4.999999999999998,-4.999999999999998,50,None,0.946566781643778,1.0
851,-4.999999999999998,-4.999999999999998,50,None,0.996124838590622,0.9999999928474427
852,8.3,-11.7,17,Hero,0.7746216041200301,1.0
853,-4.999999999999998,-4.999999999999998,50,None,0.9926417231559753,1.0
854,-4.999999999999998,-4.999999999999998,50,None,0.9653353023529053,1.0
855,-4.999999999999998,-4.999999999999998,50,None,0.9768372321873904,1.0
856,-4.999999999999998,-4.999999999999998,50,None,0.9509090340137482,0.9999967336654663
857,9.3,-10.7,7,Hero,1.0,1.0
858,-4.999999999999998,-4.999999999999998,50,None,0.9716231817007065,0.9999999976158143
859,-4.999999999999998,-4.999999999999998,50,None,0.9597183275222778,1.0
860,9.1,-10.9,9,Hero,0.8516184488932291,1.0
861,-4.999999999999998,-4.999999999999998,50,None,0.9999994468688965,0.9999994730949402
862,-4.999999999999998,-4.999999999999998,50,None,0.9357767805457116,1.0
863,-4.999999999999998,-4.999999999999998,50,None,0.9999994039535522,1.0
864,-4.999999999999998,-4.999999999999998,50,None,0.9738187305629253,1.0
865,9.1,-10.9,9,Hero,0.8109720034731759,1.0
866,-4.999999999999998,-4.999999999999998,50,None,0.9335420125722885,1.0
867,7.699999999999999,-12.3,23,Hero,0.8422771818611933,0.9999999222548112
868,-4.999999999999998,-4.999999999999998,50,None,0.9990145874023437,1.0
869,-4.999999999999998,-4.999999999999998,50,None,0.980474534034729,1.0
870,-4.999999999999998,-4.999999999999998,50,None,0.9986281144618988,0.9999999952316284
871,-4.999999999999998,-4.999999999999998,50,None,0.9998275959491729,1.0
872,-4.999999999999998,-4.999999999999998,50,None,0.9489861536026001,1.0
873,-10.1,9.9,1,Villain,1.0,1.0
874,-4.999999999999998,-4.999999999999998,50,None,0.9686739420890809,1.0
875,-4.999999999999998,-4.999999999999998,50,None,0.9631507086753845,1.0
876,8.0,-12.0,20,Hero,0.8802819929085672,1.0
877,-4.999999999999998,-4.999999999999998,50,None,0.9198343500494957,1.0
878,-4.999999999999998,-4.999999999999998,50,None,0.9385586892813444,0.9999858415126801
879,9.0,-11.0,10,Hero,0.8958641082048416,1.0
880,-4.999999999999998,-4.999999999999998,50,None,0.8975449980981648,0.9999778425693512
881,-4.999999999999998,-4.999999999999998,50,None,0.9416213334351778,0.9999999856948852
882,-4.999999999999998,-4.999999999999998,50,None,0.9675193581730127,1.0
883,9.1,-10.9,9,Hero,0.7773305368092325,1.0
884,-4.999999999999998,-4.999999999999998,50,None,0.9693724572658539,0.9999999976158143
885,-4.999999999999998,-4.999999999999998,50,None,0.9770992720127105,1.0
886,9.0,-11.0,10,Hero,0.8198545288294554,1.0
887,9.3,-10.7,7,Hero,0.7929256239107677,1.0
888,-4.999999999999998,-4.999999999999998,50,None,0.9424833172559738,1.0
889,-4.999999999999998,-4.999999999999998,50,None,0.9144815553724766,0.9999704039096833
890,-4.999999999999998,-4.999999999999998,50,None,0.9999915909767151,0.9999999976158143
891,-4.999999999999998,-4.999999999999998,50,None,0.9832637369632721,0.9999975657463074
892,-4.999999999999998,-4.999999999999998,50,None,0.9999964451789856,1.0
893,-4.999999999999998,-4.999999999999998,50,None,0.968586055636406,0.9999999952316284
894,-10.5,9.5,5,Villain,0.8984100818634033,0.9999958038330078
895,9.700000000000001,-10.299999999999999,3,Hero,0.920983076095581,1.0
896,-4.999999999999998,-4.999999999999998,50,None,0.979594784937799,1.0
897,9.6,-10.4,4,Hero,0.8205161243677139,1.0
898,8.4,-11.6,16,Hero,0.7580912298290059,1.0
899,-4.999999999999998,-4.999999999999998,50,None,0.955848790705204,1.0
900,-4.999999999999998,-4.999999999999998,50,None,0.9312705293297767,0.9999999928474427
901,-4.999999999999998,-4.999999999999998,50,None,0.9783355647325516,1.0
902,-4.999999999999998,-4.999999999999998,50,None,0.9846373450756073,0.9999999976158143
903,-4.999999999999998,-4.999999999999998,50,None,0.97958733856678,1.0
904,9.0,-11.0,10,Hero,0.8462383151054382,1.0
905,-4.999999999999998,-4.999999999999998,50,None,0.9973023927211762,1.0
906,9.200000000000001,-10.799999999999999,8,Hero,0.8701772838830948,1.0
907,8.700000000000001,-11.299999999999999,13,Hero,0.8158883865063007,1.0
908,-10.5,9.5,5,Villain,0.8649051129817963,1.0
909,-4.999999999999998,-4.999999999999998,50,None,0.9443852108716965,0.9999927735328674
910,9.5,-10.5,5,Hero,0.8393047749996185,1.0
911,5.300000000000001,-14.7,47,Hero,0.9712400190492577,1.0
912,9.1,-10.9,9,Hero,0.7472319801648458,1.0
913,9.4,-10.6,6,Hero,0.8821761608123779,1.0
914,9.700000000000001,-10.299999999999999,3,Hero,0.999994158744812,1.0
915,-4.999999999999998,-4.999999999999998,50,None,0.9292026174068451,1.0
916,9.5,-10.5,5,Hero,0.9769059538841247,1.0
917,9.3,-10.7,7,Hero,0.6776446955544608,1.0
918,-4.999999999999998,-4.999999999999998,50,None,0.9995132672786713,1.0
919,-11.5,8.5,15,Villain,0.8485626012086869,0.9999999443689982
920,-4.999999999999998,-4.999999999999998,50,None,0.9595950943231583,1.0
921,-4.999999999999998,-4.999999999999998,50,None,0.9287652471661567,0.9999983620643615
922,9.1,-10.9,9,Hero,0.8002107408311632,0.999999894036187
923,8.6,-11.4,14,Hero,0.8204854250486407,0.9999969601631165
924,9.4,-10.6,6,Hero,0.8585160473982493,1.0
925,8.0,-12.0,20,Hero,0.8222920352825895,1.0
926,-4.999999999999998,-4.999999999999998,50,None,0.9972153997421265,1.0
927,9.6,-10.4,4,Hero,0.8312710449099541,1.0
928,9.0,-11.0,10,Hero,0.8552390962839127,1.0
929,8.5,-11.5,15,Hero,0.855424044529597,0.9999998172124227
930,8.700000000000001,-11.299999999999999,13,Hero,0.8921132305493722,1.0
931,-4.999999999999998,-4.999999999999998,50,None,0.9171286748349666,1.0
932,8.5,-11.5,15,Hero,0.7523991629946977,0.9999999443689982
933,9.200000000000001,-10.799999999999999,8,Hero,0.9881790801882744,1.0
934,9.6,-10.4,4,Hero,0.999999612569809,1.0
935,-4.999999999999998,-4.999999999999998,50,None,0.9332358008623123,0.9999632167816163
936,8.6,-11.4,14,Hero,0.7949288886572633,0.9999999914850507
937,-4.999999999999998,-4.999999999999998,50,None,0.9763182854652405,1.0
938,6.899999999999999,-13.100000000000001,31,Hero,0.8383044301261825,0.9999999730817734
939,8.8,-11.2,12,Hero,0.8877183645963669,0.9999999701976776
940,-4.999999999999998,-4.999999999999998,50,None,0.9997662425041198,0.9999997973442077
941,-11.1,8.9,11,Villain,0.8005970811302011,1.0
942,7.6,-12.4,24,Hero,0.9420082851041419,0.9999999900658926
943,9.700000000000001,-10.299999999999999,3,Hero,0.9999959071477255,1.0
944,-4.999999999999998,-4.999999999999998,50,None,0.9216697280108929,0.9994874596595764
945,9.700000000000001,-10.299999999999999,3,Hero,0.999999483426412,1.0
946,-11.1,8.9,11,Villain,0.9414331642064181,0.9999999891627919
947,9.1,-10.9,9,Hero,0.7481999397277832,0.9999996158811781
948,6.199999999999998,-13.8,38,Hero,0.9474873131533202,0.9999999968629134
949,-4.999999999999998,-4.999999999999998,50,None,0.9515669307857751,1.0
950,9.0,-11.0,10,Hero,0.7888395249843597,1.0
951,-10.4,9.6,4,Villain,0.9991564303636551,1.0
952,-11.1,8.9,11,Villain,0.7914744290438566,1.0
953,8.8,-11.2,12,Hero,0.7112818838407596,1.0
954,8.700000000000001,-11.299999999999999,13,Hero,0.8434080458604373,0.9999999724901639
955,9.1,-10.9,9,Hero,0.6722055044439104,1.0
956,-4.999999999999998,-4.999999999999998,50,None,0.9633018853887916,1.0
957,9.200000000000001,-10.799999999999999,8,Hero,0.7937739230692387,1.0
958,-4.999999999999998,-4.999999999999998,50,None,0.9015210056304932,0.9996006417274476
959,-4.999999999999998,-4.999999999999998,50,None,0.96738126039505,0.9999998998641968
960,-4.999999999999998,-4.999999999999998,50,None,0.9458338901400566,0.9999999570846557
961,9.4,-10.6,6,Hero,0.8017061029871305,1.0
962,6.099999999999998,-13.900000000000002,39,Hero,0.9501892665926462,0.9999974079621143
963,8.4,-11.6,16,Hero,0.7048280346207321,0.9999896138906479
964,-4.999999999999998,-4.999999999999998,50,None,0.9220168170332909,0.999688321352005
965,-4.999999999999998,-4.999999999999998,50,None,0.9693088740110397,1.0
966,8.4,-11.6,16,Hero,0.8035074542276561,0.9999996051192284
967,9.9,-10.1,1,Hero,0.9999995231628418,1.0
968,-10.9,9.1,9,Villain,0.9186608658896552,0.9999994701809354
969,9.5,-10.5,5,Hero,0.9999632000923157,1.0
970,-4.999999999999998,-4.999999999999998,50,None,0.9113398860394955,0.9999991440773011
971,8.3,-11.7,17,Hero,0.8356049913255608,0.9999970478170058
972,-4.999999999999998,-4.999999999999998,50,None,0.9766251069307327,0.999999623298645
973,9.9,-10.1,1,Hero,0.9994097948074341,0.9999998807907104
974,-4.999999999999998,-4.999999999999998,50,None,0.9915419137477874,0.9999999022483825
975,9.4,-10.6,6,Hero,0.9996245503425598,1.0
976,9.1,-10.9,9,Hero,0.8203616274727715,0.9999999867545234
977,9.3,-10.7,7,Hero,0.8271214280809674,0.9999999489103045
978,8.3,-11.7,17,Hero,0.7654136314111597,0.999999439015108
979,-11.1,8.9,11,Villain,0.7346555699001659,0.9999999783255837
980,8.6,-11.4,14,Hero,0.7978995495608875,1.0
981,8.4,-11.6,16,Hero,0.7424310190253891,0.9995352625846863
982,9.200000000000001,-10.799999999999999,8,Hero,0.7661246955394745,1.0
983,8.6,-11.4,14,Hero,0.7240496517292091,1.0
984,9.5,-10.5,5,Hero,0.9413562297821045,0.9999995470046997
985,8.3,-11.7,17,Hero,0.8346161687034456,0.9999998317045324
986,8.700000000000001,-11.299999999999999,13,Hero,0.8674452557013586,0.9999999174704919
987,-10.6,9.4,6,Villain,0.8713835775852203,0.999995489915212
988,8.8,-11.2,12,Hero,0.8025186068067948,0.9999958773454031
989,9.200000000000001,-10.799999999999999,8,Hero,0.8901121914386749,1.0
990,9.6,-10.4,4,Hero,0.7146042734384537,1.0
991,6.599999999999999,-13.400000000000002,34,Hero,0.8955688178539276,1.0
992,-4.999999999999998,-4.999999999999998,50,None,0.9369349432736636,0.9999997210502625
993,8.5,-11.5,15,Hero,0.8050820549329122,0.9999997933705648
994,6.599999999999999,-13.400000000000002,34,Hero,0.904121299397529,0.999999975456911
995,8.6,-11.4,14,Hero,0.7105066711083055,0.9999842814036778
996,9.0,-11.0,10,Hero,0.8624813437461853,0.9999999046325684
997,9.6,-10.4,4,Hero,0.9253420978784561,0.9999992549419403
998,-10.799999999999999,9.200000000000001,8,Villain,0.7459633350372314,1.0
999,-10.4,9.6,4,Villain,1.0,0.9999804794788361
1000,-4.999999999999998,-4.999999999999998,50,None,0.906613129004836,0.9999120318889618
